room_id,survey_id,host_id,room_type,country,city,borough,neighborhood,reviews,overall_satisfaction,accommodates,bedrooms,bathrooms,price,minstay,last_modified,latitude,longitude,location
12036183,1258,41363259,Shared room,,Brno,,Brno,0,0.0,1,1.0,,42.0,,2017-05-14 19:53:35.233605,49.163421,16.564714,0101000020E6100000E597C11891903040643DB5FAEA944840
6049105,1258,31390388,Shared room,,Brno,,Brno,2,0.0,10,1.0,,13.0,,2017-05-14 19:53:33.881189,49.193917,16.611819,0101000020E61000004912842BA09C3040B891B245D2984840
5938236,1258,23770807,Shared room,,Brno,,Brno,13,4.5,3,1.0,,19.0,,2017-05-14 19:53:33.870976,49.207834,16.605419,0101000020E6100000856055BDFC9A3040997FF44D9A9A4840
12691076,1258,68975698,Shared room,,Brno,,Brno,0,0.0,4,1.0,,12.0,,2017-05-14 19:53:33.854978,49.219381,16.632454,0101000020E610000071395E81E8A13040902E36AD149C4840
16191125,1258,44260343,Shared room,,Brno,,Brno,1,0.0,6,1.0,,10.0,,2017-05-14 19:53:33.842977,49.20047,16.613751,0101000020E610000026E318C91E9D304021EA3E00A9994840
17696552,1258,3505103,Shared room,,Brno,,Brno,0,0.0,2,1.0,,16.0,,2017-05-14 19:53:33.829555,49.197894,16.64837,0101000020E610000020B58993FBA530408D09319754994840
12033092,1258,34115236,Shared room,,Brno,,Brno,0,0.0,3,1.0,,14.0,,2017-05-14 19:53:33.722503,49.20494,16.624158,0101000020E61000006A8995D1C89F304035D252793B9A4840
1353870,1258,4504049,Shared room,,Brno,,Brno,10,4.5,6,1.0,,20.0,,2017-05-14 19:53:33.715032,49.197913,16.607754,0101000020E6100000600322C4959B3040043A933655994840
15697762,1258,76775524,Shared room,,Brno,,Brno,9,4.5,2,1.0,,16.0,,2017-05-14 19:53:33.702988,49.194084,16.609156,0101000020E61000008429CAA5F19B3040A35698BED7984840
13613013,1258,19713903,Shared room,,Brno,,Brno,0,0.0,2,1.0,,16.0,,2017-05-14 19:53:33.666790,49.165903,16.555605,0101000020E61000007C7E18213C8E304076A73B4F3C954840
16703855,1258,75228095,Shared room,,Brno,,Brno,0,0.0,2,1.0,,21.0,,2017-05-14 19:53:33.612392,49.203174,16.623529,0101000020E61000008B1BB7989F9F3040E1B20A9B019A4840
10939439,1258,34115236,Shared room,,Brno,,Brno,2,0.0,8,1.0,,11.0,,2017-05-14 19:53:33.607033,49.203953,16.625083,0101000020E61000001B49827005A03040E675C4211B9A4840
1702976,1258,4504049,Shared room,,Brno,,Brno,35,5.0,11,1.0,,16.0,,2017-05-14 19:53:33.594590,49.196291,16.60958,0101000020E6100000B24B546F0D9C3040E4BF401020994840
12780348,1258,69542775,Shared room,,Brno,,Brno,0,0.0,1,1.0,,14.0,,2017-05-14 19:53:33.583016,49.2002,16.603437,0101000020E61000004432E4D87A9A304061545227A0994840
18123123,1258,77872942,Shared room,,Brno,,Brno,0,0.0,1,1.0,,10.0,,2017-05-14 19:53:33.539001,49.199716,16.599606,0101000020E6100000427C60C77F993040753E3C4B90994840
8319645,1258,38655874,Entire home/apt,,Brno,,Brno,4,5.0,7,3.0,,136.0,,2017-05-14 19:50:31.566978,49.203298,16.596455,0101000020E610000022895E46B1983040CDAB3AAB059A4840
16214033,1258,105742013,Entire home/apt,,Brno,,Brno,4,4.5,4,2.0,,81.0,,2017-05-14 19:50:04.765013,49.175289,16.604643,0101000020E61000005DC136E2C99A30409D2CB5DE6F964840
9655555,1258,49913319,Entire home/apt,,Brno,,Brno,21,5.0,3,1.0,,65.0,,2017-05-14 19:49:34.469838,49.18631,16.598406,0101000020E6100000EDBAB7223199304079758E01D9974840
15335492,1258,66842548,Entire home/apt,,Brno,,Brno,14,4.5,4,1.0,,59.0,,2017-05-14 19:49:26.525636,49.191249,16.599904,0101000020E610000055BDFC4E939930404432E4D87A984840
17956090,1258,11196915,Entire home/apt,,Brno,,Brno,0,0.0,3,0.0,,62.0,,2017-05-14 19:49:23.937603,49.198185,16.611137,0101000020E610000024607479739C304065C746205E994840
17040086,1258,60981647,Entire home/apt,,Brno,,Brno,13,5.0,4,1.0,,55.0,,2017-05-14 19:49:23.906822,49.19162,16.602578,0101000020E6100000024A438D429A304038A1100187984840
13381208,1258,76058874,Entire home/apt,,Brno,,Brno,3,4.5,5,2.0,,26.0,,2017-05-14 19:49:20.718961,49.186934,16.640184,0101000020E6100000276C3F19E3A3304057410C74ED974840
6856095,1258,18395020,Entire home/apt,,Brno,,Brno,21,4.5,6,3.0,,102.0,,2017-05-14 19:49:10.639362,49.194241,16.607979,0101000020E6100000A0A70183A49B30406B459BE3DC984840
1617213,1258,6476206,Entire home/apt,,Brno,,Brno,52,5.0,6,2.0,,67.0,,2017-05-14 19:49:06.162551,49.172813,16.685094,0101000020E610000092AF045262AF30406DA983BC1E964840
16214612,1258,105742013,Entire home/apt,,Brno,,Brno,2,0.0,4,2.0,,70.0,,2017-05-14 19:49:06.152427,49.192301,16.606783,0101000020E6100000CEC47421569B30407AFEB4519D984840
1061239,1258,5843024,Entire home/apt,,Brno,,Brno,22,5.0,2,1.0,,65.0,,2017-05-14 19:49:06.097521,49.188816,16.606871,0101000020E61000000DE4D9E55B9B3040147B681F2B984840
17231286,1258,86542407,Entire home/apt,,Brno,,Brno,0,0.0,3,2.0,,71.0,,2017-05-14 19:49:04.045608,49.191344,16.607007,0101000020E61000006D718DCF649B30409624CFF57D984840
14349994,1258,35407775,Entire home/apt,,Brno,,Brno,0,0.0,4,1.0,,77.0,,2017-05-14 19:49:04.028723,49.193057,16.622999,0101000020E6100000D270CADC7C9F3040C7A17E17B6984840
5842399,1258,30333727,Entire home/apt,,Brno,,Brno,17,5.0,4,2.0,,77.0,,2017-05-14 19:49:04.026272,49.195941,16.612968,0101000020E6100000997E8978EB9C304007793D9814994840
10377571,1258,29371815,Entire home/apt,,Brno,,Brno,31,4.5,6,2.0,,76.0,,2017-05-14 19:49:04.007378,49.214764,16.601212,0101000020E610000077F69507E9993040D82D02637D9B4840
17981739,1258,59582333,Entire home/apt,,Brno,,Brno,0,0.0,4,1.0,,67.0,,2017-05-14 19:49:03.960328,49.192924,16.56255,0101000020E6100000645DDC4603903040874ECFBBB1984840
10621560,1258,10522599,Entire home/apt,,Brno,,Brno,1,0.0,3,1.0,,62.0,,2017-05-14 19:49:02.767215,49.187793,16.58729,0101000020E610000091442FA35896304078B5DC9909984840
10134792,1258,3327858,Entire home/apt,,Brno,,Brno,22,5.0,4,1.0,,47.0,,2017-05-14 19:49:01.365180,49.213108,16.571907,0101000020E61000007D5A457F689230400B42791F479B4840
17341495,1258,27769049,Entire home/apt,,Brno,,Brno,0,0.0,2,0.0,,56.0,,2017-05-14 19:49:01.360518,49.18939,16.604882,0101000020E610000067F0F78BD99A3040401878EE3D984840
14275560,1258,85771288,Entire home/apt,,Brno,,Brno,1,0.0,3,1.0,,61.0,,2017-05-14 19:49:01.357416,49.190959,16.620246,0101000020E61000008E791D71C89E30403DF0315871984840
15312534,1258,66842548,Entire home/apt,,Brno,,Brno,3,3.5,4,1.0,,50.0,,2017-05-14 19:49:01.336446,49.187997,16.586114,0101000020E61000004DBA2D910B963040815F234910984840
7592436,1258,23770807,Entire home/apt,,Brno,,Brno,1,0.0,4,0.0,,56.0,,2017-05-14 19:49:01.331583,49.210139,16.604411,0101000020E6100000B857E6ADBA9A30409C4EB2D5E59A4840
1955700,1258,3671364,Entire home/apt,,Brno,,Brno,16,4.5,2,1.0,,48.0,,2017-05-14 19:49:01.315316,49.191719,16.611042,0101000020E6100000817B9E3F6D9C3040CB82893F8A984840
18473698,1258,6391054,Entire home/apt,,Brno,,Brno,0,0.0,5,2.0,,46.0,,2017-05-14 19:48:58.012282,49.191363,16.618139,0101000020E6100000D461855B3E9E30400D5531957E984840
12194161,1258,62291242,Entire home/apt,,Brno,,Brno,9,5.0,5,3.0,,50.0,,2017-05-14 19:48:57.986845,49.220756,16.592728,0101000020E61000006A6CAF05BD973040A9328CBB419C4840
16933639,1258,17401026,Entire home/apt,,Brno,,Brno,3,4.5,4,0.0,,60.0,,2017-05-14 19:48:57.914083,49.19429,16.609224,0101000020E610000035F0A31AF69B30404DF8A57EDE984840
9516382,1258,29371815,Entire home/apt,,Brno,,Brno,34,4.5,4,2.0,,50.0,,2017-05-14 19:48:56.968668,49.209858,16.627185,0101000020E6100000B18A37328FA03040E8667FA0DC9A4840
16503086,1258,107898700,Entire home/apt,,Brno,,Brno,12,5.0,4,1.0,,52.0,,2017-05-14 19:48:56.931902,49.212283,16.570783,0101000020E6100000DE1CAED51E923040963FDF162C9B4840
17036696,1258,114200163,Entire home/apt,,Brno,,Brno,0,0.0,4,1.0,,44.0,,2017-05-14 19:48:56.874610,49.210638,16.583469,0101000020E6100000D63A71395E953040BEA59C2FF69A4840
3809169,1258,7688351,Entire home/apt,,Brno,,Brno,59,5.0,2,0.0,,57.0,,2017-05-14 19:48:56.871687,49.207249,16.609691,0101000020E610000061AA99B5149C304079909E22879A4840
9308304,1258,29371815,Entire home/apt,,Brno,,Brno,63,4.5,4,2.0,,50.0,,2017-05-14 19:48:54.416434,49.20433,16.619237,0101000020E61000002079E750869E3040BCCB457C279A4840
16494487,1258,108329485,Entire home/apt,,Brno,,Brno,1,0.0,2,1.0,,38.0,,2017-05-14 19:48:51.358470,49.179818,16.596715,0101000020E61000005B087250C2983040B69DB64604974840
14052628,1258,40189045,Entire home/apt,,Brno,,Brno,1,0.0,2,0.0,,37.0,,2017-05-14 19:48:50.395536,49.201974,16.60574,0101000020E610000009E1D1C6119B30403752B648DA994840
14079425,1258,32043907,Entire home/apt,,Brno,,Brno,19,5.0,2,0.0,,31.0,,2017-05-14 19:48:50.283991,49.200625,16.611029,0101000020E610000057E883656C9C304048E17A14AE994840
17384773,1258,117508636,Entire home/apt,,Brno,,Brno,0,0.0,2,1.0,,39.0,,2017-05-14 19:48:49.953198,49.221788,16.557439,0101000020E6100000D3838252B48E30409752978C639C4840
6089279,1258,31601382,Entire home/apt,,Brno,,Brno,17,4.5,6,1.0,,29.0,,2017-05-14 19:48:47.778496,49.199563,16.626182,0101000020E61000000858AB764DA03040EE3EC7478B994840
12899133,1258,61809465,Entire home/apt,,Brno,,Brno,42,5.0,2,1.0,,20.0,,2017-05-14 19:48:47.669671,49.181416,16.683726,0101000020E6100000C66CC9AA08AF30404E7CB5A338974840
14274704,1258,87050892,Entire home/apt,,Brno,,Brno,6,5.0,3,2.0,,34.0,,2017-05-14 19:48:47.648570,49.217156,16.578167,0101000020E61000005EA0A4C002943040AA108FC4CB9B4840
13907518,1258,18395020,Entire home/apt,,Brno,,Brno,0,0.0,2,0.0,,32.0,,2017-05-14 19:48:45.531013,49.20074,16.625541,0101000020E6100000A04E797423A03040E17F2BD9B1994840
12186578,1258,44985860,Entire home/apt,,Brno,,Brno,16,5.0,5,2.0,,38.0,,2017-05-14 19:48:45.448454,49.181203,16.598679,0101000020E61000004FCDE50643993040F277EFA831974840
18147428,1258,17878357,Entire home/apt,,Brno,,Brno,1,0.0,2,0.0,,40.0,,2017-05-14 19:48:45.445682,49.216517,16.584226,0101000020E61000001079CBD58F95304097033DD4B69B4840
17276566,1258,85680918,Entire home/apt,,Brno,,Brno,6,5.0,2,1.0,,40.0,,2017-05-14 19:48:42.834978,49.199474,16.616665,0101000020E61000007D96E7C1DD9D30407F33315D88994840
14770598,1258,90003193,Entire home/apt,,Brno,,Brno,21,4.5,5,2.0,,23.0,,2017-05-14 19:48:42.633049,49.223813,16.5852,0101000020E6100000849ECDAACF953040B7B585E7A59C4840
14285815,1258,87189944,Entire home/apt,,Brno,,Brno,21,5.0,3,2.0,,26.0,,2017-05-14 19:48:40.875346,49.233985,16.630846,0101000020E6100000FACF9A1F7FA1304095607138F39D4840
11975247,1258,56794763,Entire home/apt,,Brno,,Brno,62,5.0,4,1.0,,28.0,,2017-05-14 19:48:40.865314,49.211198,16.627699,0101000020E61000005EBBB4E1B0A03040857D3B89089B4840
14448280,1258,16662183,Entire home/apt,,Brno,,Brno,11,5.0,16,7.0,,293.0,,2017-05-14 19:48:36.601159,49.195908,16.607381,0101000020E610000037363B527D9B30402C836A8313994840
16566169,1258,107898700,Entire home/apt,,Brno,,Brno,0,0.0,12,3.0,,211.0,,2017-05-14 19:48:36.586151,49.213737,16.570974,0101000020E6100000C6DD205A2B923040FB78E8BB5B9B4840
7424211,1258,38890708,Entire home/apt,,Brno,,Brno,1,0.0,4,2.0,,299.0,,2017-05-14 19:48:36.583372,49.203859,16.605896,0101000020E6100000F8C610001C9B304065FF3C0D189A4840
17879319,1258,122421027,Entire home/apt,,Brno,,Brno,0,0.0,4,3.0,,214.0,,2017-05-14 19:48:36.564751,49.189381,16.591466,0101000020E610000029B2D6506A973040ECBDF8A23D984840
17588016,1258,71934759,Entire home/apt,,Brno,,Brno,3,5.0,4,2.0,,237.0,,2017-05-14 19:48:36.512996,49.177353,16.612511,0101000020E6100000B5705985CD9C30407A6CCB80B3964840
7153175,1258,27769049,Entire home/apt,,Brno,,Brno,1,0.0,7,2.0,,169.0,,2017-05-14 19:48:34.215241,49.189101,16.604669,0101000020E6100000B0E76B96CB9A30400952297634984840
18013826,1258,15527840,Entire home/apt,,Brno,,Brno,0,0.0,4,1.0,,168.0,,2017-05-14 19:48:34.212781,49.193388,16.607997,0101000020E6100000ED10FFB0A59B30402CB81FF0C0984840
7708681,1258,40495097,Entire home/apt,,Brno,,Brno,0,0.0,2,2.0,,168.0,,2017-05-14 19:48:34.197809,49.213968,16.567185,0101000020E610000021C8410933913040FD31AD4D639B4840
18521376,1258,24246056,Entire home/apt,,Brno,,Brno,1,0.0,13,4.0,,148.0,,2017-05-14 19:48:34.195482,49.196395,16.60652,0101000020E6100000B35E0CE5449B3040890CAB7823994840
7924334,1258,31846956,Entire home/apt,,Brno,,Brno,22,5.0,10,3.0,,148.0,,2017-05-14 19:48:34.184013,49.198039,16.611364,0101000020E6100000A5F3E159829C3040912A8A5759994840
12821744,1258,35927934,Entire home/apt,,Brno,,Brno,3,5.0,7,3.0,,146.0,,2017-05-14 19:48:34.180474,49.194852,16.607848,0101000020E610000063F030ED9B9B3040B4C70BE9F0984840
18466821,1258,111385206,Entire home/apt,,Brno,,Brno,0,0.0,4,1.0,,172.0,,2017-05-14 19:48:34.133659,49.18687,16.596399,0101000020E6100000FB5DD89AAD983040404D2D5BEB974840
17695250,1258,27769049,Entire home/apt,,Brno,,Brno,0,0.0,8,2.0,,127.0,,2017-05-14 19:48:33.256507,49.189453,16.606628,0101000020E610000080D6FCF84B9B30408690F3FE3F984840
1775345,1258,4504049,Entire home/apt,,Brno,,Brno,3,4.5,4,2.0,,135.0,,2017-05-14 19:48:33.244945,49.197848,16.609257,0101000020E6100000ECDB4944F89B30401DCA501553994840
14080142,1258,32043907,Entire home/apt,,Brno,,Brno,6,5.0,8,2.0,,135.0,,2017-05-14 19:48:33.241161,49.204429,16.610714,0101000020E61000009835B1C0579C30404FADBEBA2A9A4840
17822813,1258,111199255,Entire home/apt,,Brno,,Brno,0,0.0,4,1.0,,134.0,,2017-05-14 19:48:33.227018,49.192111,16.608806,0101000020E6100000CC9BC3B5DA9B3040D619DF1797984840
18013418,1258,111104706,Entire home/apt,,Brno,,Brno,1,0.0,4,1.0,,143.0,,2017-05-14 19:48:33.187151,49.194169,16.60999,0101000020E610000015E3FC4D289C3040D272A087DA984840
7354920,1258,37372408,Entire home/apt,,Brno,,Brno,1,0.0,6,2.0,,112.0,,2017-05-14 19:48:31.320046,49.205647,16.498641,0101000020E6100000DA71C3EFA67F3040A0C211A4529A4840
17543893,1258,116414799,Entire home/apt,,Brno,,Brno,11,4.5,5,0.0,,110.0,,2017-05-14 19:48:31.317782,49.201821,16.599123,0101000020E61000000A48FB1F60993040B1524145D5994840
16952515,1258,113344991,Entire home/apt,,Brno,,Brno,6,5.0,4,2.0,,106.0,,2017-05-14 19:48:31.314198,49.203655,16.610936,0101000020E6100000F5F23B4D669C30405C55F65D119A4840
18562790,1258,128869201,Entire home/apt,,Brno,,Brno,0,0.0,6,3.0,,112.0,,2017-05-14 19:48:31.295261,49.195853,16.611935,0101000020E61000001B47ACC5A79C304068E90AB611994840
17695931,1258,27769049,Entire home/apt,,Brno,,Brno,0,0.0,6,2.0,,84.0,,2017-05-14 19:48:29.630347,49.189213,16.605494,0101000020E61000009AEC9FA7019B3040317DAF2138984840
17695704,1258,27769049,Entire home/apt,,Brno,,Brno,0,0.0,6,2.0,,84.0,,2017-05-14 19:48:29.603205,49.190423,16.605508,0101000020E610000064778192029B3040FFB3E6C75F984840
14521536,1258,89736932,Entire home/apt,,Brno,,Brno,3,4.5,5,3.0,,84.0,,2017-05-14 19:48:29.583784,49.233531,16.590883,0101000020E61000002BC3B81B4497304014CD0358E49D4840
17734289,1258,120941855,Entire home/apt,,Brno,,Brno,0,0.0,2,1.0,,84.0,,2017-05-14 19:48:29.568027,49.209167,16.59662,0101000020E6100000B8239C16BC9830408333F8FBC59A4840
13245711,1258,74452775,Entire home/apt,,Brno,,Brno,12,5.0,5,2.0,,97.0,,2017-05-14 19:48:29.544161,49.188642,16.606617,0101000020E6100000983270404B9B30407653CA6B25984840
3621376,1258,18244061,Entire home/apt,,Brno,,Brno,13,5.0,3,1.0,,89.0,,2017-05-14 19:48:29.540779,49.22812,16.594057,0101000020E6100000BAF59A1E1498304021C84109339D4840
13622004,1258,4400194,Entire home/apt,,Brno,,Brno,1,0.0,2,1.0,,89.0,,2017-05-14 19:48:29.451228,49.197177,16.599986,0101000020E6100000D00EB8AE98993040FF428F183D994840
14333259,1258,69922737,Entire home/apt,,Brno,,Brno,38,5.0,6,2.0,,85.0,,2017-05-14 19:48:29.432349,49.197847,16.621743,0101000020E610000055849B8C2A9F30404D4EED0C53994840
2899786,1258,4504049,Entire home/apt,,Brno,,Brno,5,4.5,4,1.0,,96.0,,2017-05-14 19:48:29.417471,49.198008,16.609132,0101000020E610000073F22213F09B3040562C7E5358994840
16214039,1258,105742013,Entire home/apt,,Brno,,Brno,0,0.0,4,2.0,,84.0,,2017-05-14 19:48:29.414731,49.191214,16.606072,0101000020E61000007505DB88279B3040C8444AB379984840
18516130,1258,52071587,Entire home/apt,,Brno,,Brno,0,0.0,4,2.0,,84.0,,2017-05-14 19:48:29.376662,49.192311,16.617324,0101000020E6100000310917F2089E30409DD497A59D984840
13025506,1258,71781469,Entire home/apt,,Brno,,Brno,14,4.5,4,2.0,,84.0,,2017-05-14 19:48:29.373992,49.192802,16.611906,0101000020E6100000E73922DFA59C30403C4D66BCAD984840
17155947,1258,108675660,Entire home/apt,,Brno,,Brno,2,0.0,4,1.0,,82.0,,2017-05-14 19:48:29.267730,49.191367,16.607198,0101000020E610000055320054719B30404E44BFB67E984840
16214035,1258,105742013,Entire home/apt,,Brno,,Brno,0,0.0,4,1.0,,68.0,,2017-05-14 19:48:27.526628,49.191959,16.606236,0101000020E610000069A85148329B30402096CD1C92984840
16214618,1258,105742013,Entire home/apt,,Brno,,Brno,1,0.0,4,2.0,,73.0,,2017-05-14 19:48:27.436340,49.19145,16.605404,0101000020E61000001ADEACC1FB9A3040DC68006F81984840
16214041,1258,105742013,Entire home/apt,,Brno,,Brno,2,0.0,6,3.0,,80.0,,2017-05-14 19:48:27.378947,49.191111,16.605492,0101000020E610000059FD1186019B3040F373435376984840
5356823,1258,27769049,Entire home/apt,,Brno,,Brno,1,0.0,4,0.0,,73.0,,2017-05-14 19:48:27.326237,49.189141,16.60642,0101000020E6100000ECA353573E9B304097AAB4C535984840
16214038,1258,105742013,Entire home/apt,,Brno,,Brno,2,0.0,4,2.0,,75.0,,2017-05-14 19:48:27.192090,49.190967,16.60696,0101000020E6100000ECFA05BB619B3040C0CE4D9B71984840
7464066,1258,24895438,Entire home/apt,,Brno,,Brno,0,0.0,2,1.0,,73.0,,2017-05-14 19:48:27.170666,49.232851,16.571704,0101000020E61000000DFE7E315B923040A2EBC20FCE9D4840
16215004,1258,105742013,Entire home/apt,,Brno,,Brno,4,5.0,6,2.0,,79.0,,2017-05-14 19:48:27.073258,49.192113,16.605487,0101000020E610000035272F32019B30407711A62897984840
2054226,1258,10522599,Entire home/apt,,Brno,,Brno,16,5.0,4,1.0,,64.0,,2017-05-14 19:48:27.060033,49.186459,16.586387,0101000020E6100000AFCC5B751D963040BE8575E3DD974840
7625526,1258,31873258,Entire home/apt,,Brno,,Brno,3,4.5,5,2.0,,68.0,,2017-05-14 19:48:27.057622,49.188912,16.587573,0101000020E61000003A03232F6B96304036E9B6442E984840
12489829,1258,15636143,Entire home/apt,,Brno,,Brno,20,5.0,6,2.0,,72.0,,2017-05-14 19:48:27.008580,49.194086,16.608246,0101000020E61000003EEC8502B69B3040444E5FCFD7984840
14436285,1258,31846956,Entire home/apt,,Brno,,Brno,5,5.0,3,2.0,,64.0,,2017-05-14 19:48:26.248239,49.194816,16.607601,0101000020E6100000530438BD8B9B3040685E0EBBEF984840
7685523,1258,40088289,Entire home/apt,,Brno,,Brno,28,5.0,2,0.0,,63.0,,2017-05-14 19:48:26.224488,49.202855,16.607213,0101000020E6100000C0B4A84F729B3040406A1327F7994840
17185682,1258,27769049,Entire home/apt,,Brno,,Brno,1,0.0,4,1.0,,64.0,,2017-05-14 19:48:26.201988,49.190742,16.605689,0101000020E6100000058C2E6F0E9B3040A0FCDD3B6A984840
12926029,1258,30833832,Entire home/apt,,Brno,,Brno,0,0.0,3,1.0,,68.0,,2017-05-14 19:48:26.189576,49.219175,16.597439,0101000020E6100000DE5A26C3F1983040E78C28ED0D9C4840
3518506,1258,4662188,Entire home/apt,,Brno,,Brno,10,4.5,4,1.0,,64.0,,2017-05-14 19:48:26.145962,49.195816,16.602775,0101000020E6100000AED85F764F9A30404B04AA7F10994840
7232212,1258,18395020,Entire home/apt,,Brno,,Brno,19,4.5,4,2.0,,68.0,,2017-05-14 19:48:26.142907,49.19475,16.60659,0101000020E6100000A514747B499B3040B0726891ED984840
7523069,1258,39040456,Entire home/apt,,Brno,,Brno,10,4.0,3,2.0,,67.0,,2017-05-14 19:48:26.132187,49.201358,16.600805,0101000020E6100000F645425BCE993040DC645419C6994840
17550175,1258,115631650,Entire home/apt,,Brno,,Brno,3,5.0,4,1.0,,75.0,,2017-05-14 19:48:26.117411,49.179793,16.569395,0101000020E61000008481E7DEC39130405D86FF7403974840
7847473,1258,41352073,Entire home/apt,,Brno,,Brno,0,0.0,5,1.0,,74.0,,2017-05-14 19:48:26.089922,49.192533,16.604557,0101000020E610000060915F3FC49A30404C33DDEBA4984840
6951867,1258,31151761,Entire home/apt,,Brno,,Brno,6,5.0,2,1.0,,72.0,,2017-05-14 19:48:26.032083,49.18758,16.605766,0101000020E61000005B07077B139B30401CB1169F02984840
13680683,1258,71957837,Entire home/apt,,Brno,,Brno,5,4.5,6,3.0,,76.0,,2017-05-14 19:48:24.134508,49.197756,16.619375,0101000020E6100000C3F5285C8F9E30403C4B901150994840
16747815,1258,29463043,Entire home/apt,,Brno,,Brno,2,0.0,4,1.0,,66.0,,2017-05-14 19:48:24.122858,49.198129,16.65016,0101000020E6100000D82AC1E270A63040D1B1834A5C994840
13732615,1258,80266203,Entire home/apt,,Brno,,Brno,0,0.0,6,2.0,,80.0,,2017-05-14 19:48:24.117906,49.193034,16.604892,0101000020E6100000AE9CBD33DA9A30400E828E56B5984840
16215523,1258,105742013,Entire home/apt,,Brno,,Brno,0,0.0,4,2.0,,63.0,,2017-05-14 19:48:24.107614,49.190568,16.605447,0101000020E610000019761893FE9A304002D53F8864984840
15646597,1258,67446480,Entire home/apt,,Brno,,Brno,6,4.0,4,2.0,,80.0,,2017-05-14 19:48:24.104350,49.195834,16.610389,0101000020E610000091D61874429C3040F1B8A81611994840
6950244,1258,36408807,Entire home/apt,,Brno,,Brno,9,4.5,2,1.0,,64.0,,2017-05-14 19:48:24.093530,49.209007,16.610497,0101000020E61000005D4E0988499C30404AD1CABDC09A4840
15209637,1258,24246056,Entire home/apt,,Brno,,Brno,6,5.0,14,4.0,,80.0,,2017-05-14 19:48:24.089157,49.1961,16.606856,0101000020E6100000A26131EA5A9B3040705F07CE19994840
17182722,1258,115631650,Entire home/apt,,Brno,,Brno,10,5.0,4,1.0,,75.0,,2017-05-14 19:48:24.086690,49.179831,16.570144,0101000020E6100000B8020AF5F49130404BE7C3B304974840
6358948,1258,29371815,Entire home/apt,,Brno,,Brno,19,5.0,8,4.0,,66.0,,2017-05-14 19:48:24.075500,49.198062,16.599019,0101000020E6100000C0AE264F59993040494A7A185A994840
14318484,1258,16662183,Entire home/apt,,Brno,,Brno,22,5.0,15,3.0,,80.0,,2017-05-14 19:48:24.072642,49.19508,16.606986,0101000020E61000003E213B6F639B3040450DA661F8984840
7640217,1258,40088289,Entire home/apt,,Brno,,Brno,27,5.0,2,0.0,,80.0,,2017-05-14 19:48:24.070399,49.202455,16.606895,0101000020E61000001E1B81785D9B3040B2F4A10BEA994840
18611428,1258,99838411,Entire home/apt,,Brno,,Brno,0,0.0,3,2.0,,63.0,,2017-05-14 19:48:24.068038,49.200745,16.599752,0101000020E6100000E9B5D95889993040F2EA1C03B2994840
11562515,1258,25390628,Entire home/apt,,Brno,,Brno,23,5.0,5,2.0,,70.0,,2017-05-14 19:48:24.064926,49.192048,16.614047,0101000020E6100000F834272F329D304090A1630795984840
14408803,1258,86542407,Entire home/apt,,Brno,,Brno,22,5.0,4,2.0,,63.0,,2017-05-14 19:48:24.054713,49.196116,16.609497,0101000020E61000009702D2FE079C3040761C3F541A994840
18239405,1258,75526380,Entire home/apt,,Brno,,Brno,3,4.5,6,3.0,,68.0,,2017-05-14 19:48:24.033785,49.196993,16.595347,0101000020E61000008FC536A9689830403D450E1137994840
5758535,1258,29872374,Entire home/apt,,Brno,,Brno,25,4.5,4,2.0,,62.0,,2017-05-14 19:48:22.997890,49.199939,16.614594,0101000020E61000005D514A08569D3040F418E59997994840
14114104,1258,84665920,Entire home/apt,,Brno,,Brno,0,0.0,2,1.0,,42.0,,2017-05-14 19:48:22.955707,49.245078,16.583796,0101000020E61000001E8997A7739530400B7C45B75E9F4840
5999251,1258,11815074,Entire home/apt,,Brno,,Brno,24,5.0,5,3.0,,60.0,,2017-05-14 19:48:22.942158,49.173223,16.683325,0101000020E6100000098A1F63EEAE30401FF5D72B2C964840
10404876,1258,40088289,Entire home/apt,,Brno,,Brno,0,0.0,3,0.0,,59.0,,2017-05-14 19:48:22.924845,49.202084,16.606846,0101000020E61000005BB56B425A9B3040BE8575E3DD994840
14621797,1258,11549602,Entire home/apt,,Brno,,Brno,0,0.0,3,1.0,,42.0,,2017-05-14 19:48:22.908681,49.242943,16.539493,0101000020E6100000C26B97361C8A304064E597C1189F4840
14578823,1258,16514467,Entire home/apt,,Brno,,Brno,1,0.0,3,1.0,,42.0,,2017-05-14 19:48:22.881656,49.189714,16.602437,0101000020E61000007DE6AC4F399A3040F3CB608C48984840
12458182,1258,32968576,Entire home/apt,,Brno,,Brno,1,0.0,2,1.0,,42.0,,2017-05-14 19:48:22.853659,49.184591,16.591785,0101000020E61000006C43C5387F97304066118AADA0974840
12945087,1258,29872374,Entire home/apt,,Brno,,Brno,25,4.5,4,2.0,,62.0,,2017-05-14 19:48:22.832109,49.200393,16.619133,0101000020E6100000D7DF12807F9E304075AC527AA6994840
16248707,1258,29371815,Entire home/apt,,Brno,,Brno,0,0.0,5,2.0,,62.0,,2017-05-14 19:48:21.961502,49.197648,16.593203,0101000020E61000009BE3DC26DC973040560F98874C994840
12727586,1258,29371815,Entire home/apt,,Brno,,Brno,11,5.0,5,2.0,,53.0,,2017-05-14 19:48:21.941315,49.18387,16.587382,0101000020E61000005342B0AA5E963040965B5A0D89974840
12101418,1258,29371815,Entire home/apt,,Brno,,Brno,16,4.5,5,3.0,,52.0,,2017-05-14 19:48:21.926228,49.192494,16.645289,0101000020E6100000F277EFA831A530408F56B5A4A3984840
15754424,1258,66842548,Entire home/apt,,Brno,,Brno,13,4.5,4,0.0,,50.0,,2017-05-14 19:48:21.883385,49.185928,16.585911,0101000020E6100000DD5D6743FE95304091B41B7DCC974840
16214630,1258,105742013,Entire home/apt,,Brno,,Brno,0,0.0,2,1.0,,54.0,,2017-05-14 19:48:21.880860,49.175055,16.606006,0101000020E6100000062E8F35239B30402A00C63368964840
15733175,1258,40088289,Entire home/apt,,Brno,,Brno,1,0.0,3,1.0,,59.0,,2017-05-14 19:48:21.831141,49.202464,16.606037,0101000020E61000007C2AA73D259B3040054F2157EA994840
16728157,1258,29371815,Entire home/apt,,Brno,,Brno,1,0.0,6,0.0,,56.0,,2017-05-14 19:48:21.827352,49.197838,16.593043,0101000020E61000002A1F82AAD1973040F9F36DC152994840
13118824,1258,66842548,Entire home/apt,,Brno,,Brno,36,4.5,4,1.0,,60.0,,2017-05-14 19:48:21.805604,49.18755,16.585999,0101000020E61000001C7DCC0704963040B22E6EA301984840
15443357,1258,16514467,Entire home/apt,,Brno,,Brno,0,0.0,3,1.0,,60.0,,2017-05-14 19:48:21.785592,49.188805,16.598761,0101000020E6100000C91EA16648993040202922C32A984840
17416873,1258,105742013,Entire home/apt,,Brno,,Brno,0,0.0,2,1.0,,61.0,,2017-05-14 19:48:21.766058,49.191031,16.606098,0101000020E6100000C72B103D299B3040D7C22CB473984840
13426213,1258,49279418,Entire home/apt,,Brno,,Brno,18,5.0,5,2.0,,62.0,,2017-05-14 19:48:21.762470,49.197676,16.605199,0101000020E610000068925852EE9A3040209A79724D994840
5788394,1258,29371815,Entire home/apt,,Brno,,Brno,27,4.5,5,2.0,,57.0,,2017-05-14 19:48:21.689078,49.197539,16.598793,0101000020E6100000E012807F4A9930409F573CF548994840
7777714,1258,40920217,Entire home/apt,,Brno,,Brno,10,4.5,4,2.0,,46.0,,2017-05-14 19:48:21.628682,49.197271,16.64634,0101000020E6100000BD18CA8976A5304080B9162D40994840
13568576,1258,66842548,Entire home/apt,,Brno,,Brno,31,4.5,4,0.0,,60.0,,2017-05-14 19:48:21.567000,49.187426,16.603479,0101000020E6100000A2D288997D9A3040C6353E93FD974840
743812,1258,3897520,Entire home/apt,,Brno,,Brno,10,4.5,2,1.0,,42.0,,2017-05-14 19:48:19.355457,49.211445,16.603738,0101000020E61000003A5AD5928E9A30408CF337A1109B4840
14001679,1258,83661130,Entire home/apt,,Brno,,Brno,17,5.0,4,2.0,,42.0,,2017-05-14 19:48:19.352362,49.200242,16.602736,0101000020E6100000321F10E84C9A304090A4A487A1994840
16661034,1258,40088289,Entire home/apt,,Brno,,Brno,0,0.0,3,1.0,,46.0,,2017-05-14 19:48:19.349515,49.200868,16.605271,0101000020E61000009B374E0AF39A30400E68E90AB6994840
6736745,1258,29094382,Entire home/apt,,Brno,,Brno,27,4.5,6,2.0,,42.0,,2017-05-14 19:48:19.346995,49.193457,16.618956,0101000020E6100000B9A981E6739E30405517F032C3984840
13726696,1258,80266203,Entire home/apt,,Brno,,Brno,1,0.0,6,2.0,,60.0,,2017-05-14 19:48:19.343732,49.192761,16.60318,0101000020E6100000ED9925016A9A3040DD787764AC984840
15960223,1258,103644182,Entire home/apt,,Brno,,Brno,5,4.5,4,0.0,,59.0,,2017-05-14 19:48:19.333474,49.183815,16.593968,0101000020E6100000DBDE6E490E983040D3C1FA3F87974840
7729213,1258,40614947,Entire home/apt,,Brno,,Brno,3,4.5,3,1.0,,42.0,,2017-05-14 19:48:19.330022,49.203777,16.483864,0101000020E610000035B6D782DE7B3040A8565F5D159A4840
3160656,1258,149663,Entire home/apt,,Brno,,Brno,4,4.5,4,1.0,,61.0,,2017-05-14 19:48:19.326333,49.190567,16.60508,0101000020E6100000B476DB85E69A30403259DC7F64984840
3265639,1258,16514467,Entire home/apt,,Brno,,Brno,8,5.0,4,1.0,,60.0,,2017-05-14 19:48:19.310752,49.189206,16.597846,0101000020E61000005F0B7A6F0C9930407E1AF7E637984840
14923540,1258,93013523,Entire home/apt,,Brno,,Brno,13,5.0,4,2.0,,58.0,,2017-05-14 19:48:19.303307,49.201158,16.604766,0101000020E610000095BBCFF1D19A304015AA9B8BBF994840
13052284,1258,29872374,Entire home/apt,,Brno,,Brno,25,4.5,4,2.0,,62.0,,2017-05-14 19:48:19.256982,49.198055,16.616481,0101000020E6100000FA9AE5B2D19D304096E7C1DD59994840
16146086,1258,14839138,Entire home/apt,,Brno,,Brno,2,0.0,4,1.0,,62.0,,2017-05-14 19:48:19.253930,49.187687,16.602481,0101000020E61000001D76DF313C9A30403271AB2006984840
16215524,1258,105742013,Entire home/apt,,Brno,,Brno,1,0.0,4,2.0,,56.0,,2017-05-14 19:48:19.237649,49.209226,16.620958,0101000020E610000088307E1AF79E304088BCE5EAC79A4840
2574195,1258,7122680,Entire home/apt,,Brno,,Brno,7,4.5,3,1.0,,50.0,,2017-05-14 19:48:19.163410,49.186901,16.594581,0101000020E6100000AFD2DD75369830407B4B395FEC974840
5575911,1258,10522599,Entire home/apt,,Brno,,Brno,42,4.5,3,1.0,,50.0,,2017-05-14 19:48:17.176600,49.180716,16.593999,0101000020E610000051DB86511098304095EEAEB321974840
17512834,1258,55550767,Entire home/apt,,Brno,,Brno,0,0.0,4,1.0,,45.0,,2017-05-14 19:48:17.174232,49.212022,16.567047,0101000020E61000007F4B00FE2991304029047289239B4840
12467829,1258,59582333,Entire home/apt,,Brno,,Brno,35,5.0,9,3.0,,42.0,,2017-05-14 19:48:17.171319,49.193269,16.562201,0101000020E61000004CC79C67EC8F3040522AE109BD984840
17674099,1258,29094382,Entire home/apt,,Brno,,Brno,0,0.0,7,2.0,,42.0,,2017-05-14 19:48:17.169178,49.192375,16.615858,0101000020E6100000DFFAB0DEA89D3040B4C876BE9F984840
7713349,1258,40521246,Entire home/apt,,Brno,,Brno,32,4.5,4,1.0,,45.0,,2017-05-14 19:48:17.166408,49.21424,16.624621,0101000020E610000013656F29E79F30405DBF60376C9B4840
1310349,1258,7122680,Entire home/apt,,Brno,,Brno,10,4.5,3,1.0,,50.0,,2017-05-14 19:48:17.163074,49.189204,16.59516,0101000020E61000002AE3DF675C983040DD2230D637984840
4963456,1258,23493460,Entire home/apt,,Brno,,Brno,26,4.5,3,2.0,,62.0,,2017-05-14 19:48:17.159275,49.182139,16.59261,0101000020E61000005648F949B5973040BF29AC5450974840
16344456,1258,21209213,Entire home/apt,,Brno,,Brno,0,0.0,3,1.0,,46.0,,2017-05-14 19:48:17.156945,49.198405,16.596931,0101000020E6100000F5F75278D0983040732EC55565994840
8148955,1258,42982436,Entire home/apt,,Brno,,Brno,24,5.0,4,2.0,,45.0,,2017-05-14 19:48:17.153928,49.221457,16.585959,0101000020E6100000FFCBB56801963040323CF6B3589C4840
9441809,1258,29371815,Entire home/apt,,Brno,,Brno,27,4.5,4,2.0,,58.0,,2017-05-14 19:48:17.151684,49.202564,16.619788,0101000020E61000000874266DAA9E304069ACFD9DED994840
3639446,1258,18366595,Entire home/apt,,Brno,,Brno,27,4.5,4,2.0,,59.0,,2017-05-14 19:48:17.148890,49.200587,16.600164,0101000020E61000008E3C1059A49930405A80B6D5AC994840
18475460,1258,75526380,Entire home/apt,,Brno,,Brno,0,0.0,4,2.0,,57.0,,2017-05-14 19:48:17.143628,49.191318,16.601753,0101000020E610000017450F7C0C9A30406D91B41B7D984840
4505416,1258,23365111,Entire home/apt,,Brno,,Brno,14,5.0,2,0.0,,43.0,,2017-05-14 19:48:17.141388,49.245647,16.581422,0101000020E6100000C72C7B12D894304025AE635C719F4840
14250068,1258,82641184,Entire home/apt,,Brno,,Brno,3,4.5,3,2.0,,42.0,,2017-05-14 19:48:17.128309,49.224856,16.596853,0101000020E6100000FD84B35BCB9830409A27D714C89C4840
6944238,1258,36408807,Entire home/apt,,Brno,,Brno,20,4.5,2,1.0,,55.0,,2017-05-14 19:48:15.050859,49.207822,16.609837,0101000020E610000008E412471E9C3040D5B14AE9999A4840
614785,1258,2826581,Entire home/apt,,Brno,,Brno,60,5.0,3,0.0,,45.0,,2017-05-14 19:48:15.048858,49.195031,16.612109,0101000020E61000005796E82CB39C3040645A9BC6F6984840
10905731,1258,7094093,Entire home/apt,,Brno,,Brno,20,5.0,2,1.0,,48.0,,2017-05-14 19:48:15.046824,49.222044,16.585212,0101000020E61000000C3A2174D0953040F22213F06B9C4840
13036449,1258,71781469,Entire home/apt,,Brno,,Brno,24,4.5,2,1.0,,44.0,,2017-05-14 19:48:15.044765,49.193039,16.612171,0101000020E6100000438F183DB79C304020ED7F80B5984840
16076186,1258,104751010,Entire home/apt,,Brno,,Brno,21,4.0,5,1.0,,57.0,,2017-05-14 19:48:15.039540,49.193546,16.606073,0101000020E610000015FDA199279B3040C422861DC6984840
5930121,1258,30789537,Entire home/apt,,Brno,,Brno,28,4.5,3,1.0,,55.0,,2017-05-14 19:48:15.020572,49.198226,16.591645,0101000020E610000088D7F50B76973040C39B35785F994840
8113078,1258,42840613,Entire home/apt,,Brno,,Brno,8,5.0,5,2.0,,42.0,,2017-05-14 19:48:15.018269,49.212505,16.621727,0101000020E61000004A0A2C80299F3040459E245D339B4840
17357412,1258,103644182,Entire home/apt,,Brno,,Brno,4,5.0,4,0.0,,59.0,,2017-05-14 19:48:14.986041,49.183976,16.594265,0101000020E61000004E2844C021983040DC9F8B868C974840
7752736,1258,2922476,Entire home/apt,,Brno,,Brno,18,4.5,2,0.0,,53.0,,2017-05-14 19:48:14.983373,49.193546,16.603232,0101000020E610000092E68F696D9A3040C422861DC6984840
13473308,1258,77087955,Entire home/apt,,Brno,,Brno,6,4.5,5,2.0,,50.0,,2017-05-14 19:48:14.978114,49.207802,16.575642,0101000020E61000003B342C465D9330408E058541999A4840
14581371,1258,58047274,Entire home/apt,,Brno,,Brno,16,5.0,2,0.0,,42.0,,2017-05-14 19:48:14.975441,49.204763,16.610856,0101000020E6100000BC900E0F619C304026378AAC359A4840
11393714,1258,48346495,Entire home/apt,,Brno,,Brno,27,5.0,4,2.0,,50.0,,2017-05-14 19:48:14.972503,49.203732,16.592941,0101000020E610000021753BFBCA9730400893E2E3139A4840
8197307,1258,41012779,Entire home/apt,,Brno,,Brno,69,5.0,2,1.0,,46.0,,2017-05-14 19:48:14.941297,49.182962,16.595947,0101000020E610000039268BFB8F98304094347F4C6B974840
17706769,1258,82613790,Entire home/apt,,Brno,,Brno,8,5.0,6,2.0,,58.0,,2017-05-14 19:48:14.900629,49.197898,16.620174,0101000020E61000005AD427B9C39E3040CFF8BEB854994840
16357775,1258,62877608,Entire home/apt,,Brno,,Brno,10,5.0,4,1.0,,50.0,,2017-05-14 19:48:13.102346,49.192008,16.608424,0101000020E6100000FC19DEACC19B30400249D8B793984840
18582281,1258,5843024,Entire home/apt,,Brno,,Brno,0,0.0,2,0.0,,53.0,,2017-05-14 19:48:13.100222,49.190101,16.603135,0101000020E6100000AE122C0E679A3040ECF7C43A55984840
1314685,1258,7143199,Entire home/apt,,Brno,,Brno,56,4.5,2,1.0,,60.0,,2017-05-14 19:48:13.097681,49.207374,16.604381,0101000020E6100000E35295B6B89A30403605323B8B9A4840
16144369,1258,12977297,Entire home/apt,,Brno,,Brno,20,5.0,2,0.0,,56.0,,2017-05-14 19:48:13.095268,49.195269,16.611312,0101000020E610000001A777F17E9C304019761893FE984840
16910614,1258,12829366,Entire home/apt,,Brno,,Brno,15,5.0,3,1.0,,42.0,,2017-05-14 19:48:13.092846,49.195651,16.615287,0101000020E610000069A7E672839D304000378B170B994840
11199275,1258,1568983,Entire home/apt,,Brno,,Brno,10,5.0,2,1.0,,56.0,,2017-05-14 19:48:13.081840,49.199779,16.586446,0101000020E6100000B9DE365321963040BBB6B75B92994840
16214623,1258,105742013,Entire home/apt,,Brno,,Brno,4,5.0,3,2.0,,54.0,,2017-05-14 19:48:13.079490,49.19507,16.606121,0101000020E6100000386BF0BE2A9B30402237C30DF8984840
13063365,1258,72362687,Entire home/apt,,Brno,,Brno,11,5.0,3,1.0,,49.0,,2017-05-14 19:48:13.006080,49.200084,16.591432,0101000020E6100000D1CE691668973040F7393E5A9C994840
7325398,1258,4747639,Entire home/apt,,Brno,,Brno,62,5.0,2,1.0,,43.0,,2017-05-14 19:48:13.002432,49.206618,16.602632,0101000020E6100000E8853B17469A3040E9616875729A4840
2404001,1258,12286471,Entire home/apt,,Brno,,Brno,90,5.0,4,1.0,,46.0,,2017-05-14 19:48:12.951003,49.194701,16.617575,0101000020E6100000C3D32B65199E3040CFBF5DF6EB984840
3470965,1258,11196915,Entire home/apt,,Brno,,Brno,69,5.0,3,1.0,,56.0,,2017-05-14 19:48:12.907930,49.196616,16.608635,0101000020E61000007233DC80CF9B304067EF8CB62A994840
9510125,1258,49279418,Entire home/apt,,Brno,,Brno,32,5.0,4,1.0,,53.0,,2017-05-14 19:48:12.894947,49.197662,16.605677,0101000020E61000007CF0DAA50D9B3040BBD408FD4C994840
11110826,1258,57719244,Entire home/apt,,Brno,,Brno,23,5.0,2,1.0,,44.0,,2017-05-14 19:48:12.884289,49.227331,16.595964,0101000020E6100000E597C11891983040F92EA52E199D4840
15877057,1258,62224909,Entire home/apt,,Brno,,Brno,6,5.0,2,1.0,,42.0,,2017-05-14 19:48:12.880759,49.201745,16.596438,0101000020E610000076172829B0983040D690B8C7D2994840
13405687,1258,73799040,Entire home/apt,,Brno,,Brno,29,5.0,2,1.0,,46.0,,2017-05-14 19:48:12.822565,49.199984,16.611148,0101000020E61000000C040132749C304094DC611399994840
15744988,1258,40088289,Entire home/apt,,Brno,,Brno,54,5.0,3,1.0,,55.0,,2017-05-14 19:48:12.820020,49.201107,16.606237,0101000020E61000000AA01859329B304093FFC9DFBD994840
6103346,1258,31668386,Entire home/apt,,Brno,,Brno,12,5.0,3,2.0,,43.0,,2017-05-14 19:48:12.786906,49.20308,16.593631,0101000020E61000004BE48233F8973040603C8386FE994840
16697390,1258,43438911,Entire home/apt,,Brno,,Brno,22,5.0,2,1.0,,42.0,,2017-05-14 19:48:12.784419,49.19718,16.594659,0101000020E6100000A6457D923B98304070B6B9313D994840
14101892,1258,32249725,Entire home/apt,,Brno,,Brno,1,0.0,2,1.0,,26.0,,2017-05-14 19:48:10.308717,49.184199,16.641419,0101000020E610000074081C0934A430405B7A34D593974840
13404156,1258,76304496,Entire home/apt,,Brno,,Brno,1,0.0,3,0.0,,25.0,,2017-05-14 19:48:10.280162,49.195589,16.606606,0101000020E6100000B08EE3874A9B30408A3A730F09994840
16730773,1258,110934695,Entire home/apt,,Brno,,Brno,0,0.0,3,1.0,,32.0,,2017-05-14 19:48:10.256272,49.190789,16.62837,0101000020E61000009BC937DBDCA03040E1B721C66B984840
13366615,1258,24752488,Entire home/apt,,Brno,,Brno,2,0.0,4,1.0,,37.0,,2017-05-14 19:48:10.253165,49.198182,16.619872,0101000020E6100000C4B46FEEAF9E3040F4531C075E994840
8082430,1258,42691604,Entire home/apt,,Brno,,Brno,2,0.0,5,0.0,,33.0,,2017-05-14 19:48:10.239581,49.207458,16.47995,0101000020E610000017B7D100DE7A304094A5D6FB8D9A4840
2955155,1258,14264689,Entire home/apt,,Brno,,Brno,4,4.5,2,0.0,,41.0,,2017-05-14 19:48:10.237313,49.223669,16.513983,0101000020E610000031B3CF63948330408410902FA19C4840
15831047,1258,44260343,Entire home/apt,,Brno,,Brno,5,4.0,8,2.0,,34.0,,2017-05-14 19:48:10.225873,49.200192,16.615243,0101000020E6100000CA17B490809D3040DE7536E49F994840
4385469,1258,22767859,Entire home/apt,,Brno,,Brno,0,0.0,2,1.0,,39.0,,2017-05-14 19:48:10.214982,49.186048,16.591432,0101000020E6100000D1CE6916689730403CBEBD6BD0974840
12429140,1258,55635986,Entire home/apt,,Brno,,Brno,5,5.0,4,1.0,,41.0,,2017-05-14 19:48:10.197692,49.187317,16.600598,0101000020E6100000030B60CAC09930400F7EE200FA974840
11382767,1258,39831139,Entire home/apt,,Brno,,Brno,7,5.0,2,2.0,,34.0,,2017-05-14 19:48:10.192334,49.212871,16.604997,0101000020E6100000992D5915E19A304027A25F5B3F9B4840
9467711,1258,48351970,Entire home/apt,,Brno,,Brno,12,4.5,5,1.0,,30.0,,2017-05-14 19:48:10.114558,49.192764,16.611847,0101000020E6100000DD274701A29C30404EECA17DAC984840
196961,1258,959732,Entire home/apt,,Brno,,Brno,35,5.0,2,1.0,,41.0,,2017-05-14 19:48:10.098094,49.210096,16.596706,0101000020E6100000B55373B9C19830409D82FC6CE49A4840
10136339,1258,21776368,Entire home/apt,,Brno,,Brno,1,0.0,2,1.0,,39.0,,2017-05-14 19:48:10.070200,49.220093,16.598049,0101000020E6100000CF6740BD199930400D8AE6012C9C4840
13973793,1258,29094382,Entire home/apt,,Brno,,Brno,4,5.0,4,0.0,,38.0,,2017-05-14 19:48:09.906996,49.200857,16.622642,0101000020E6100000B41D5377659F30401A16A3AEB5994840
9892310,1258,18395020,Entire home/apt,,Brno,,Brno,2,0.0,2,0.0,,34.0,,2017-05-14 19:48:08.207550,49.194462,16.607018,0101000020E610000055151A88659B30404A287D21E4984840
7657128,1258,40189045,Entire home/apt,,Brno,,Brno,9,5.0,3,1.0,,41.0,,2017-05-14 19:48:08.202110,49.202427,16.606194,0101000020E61000000B08AD872F9B3040E869C020E9994840
3844805,1258,3708921,Entire home/apt,,Brno,,Brno,44,4.5,2,1.0,,22.0,,2017-05-14 19:48:08.188001,49.192376,16.611675,0101000020E6100000E3C798BB969C30408544DAC69F984840
3418421,1258,3885548,Entire home/apt,,Brno,,Brno,10,4.5,7,3.0,,40.0,,2017-05-14 19:48:08.184683,49.197572,16.608237,0101000020E61000009737876BB59B30407B4D0F0A4A994840
9720950,1258,50176994,Entire home/apt,,Brno,,Brno,0,0.0,3,1.0,,26.0,,2017-05-14 19:48:08.156836,49.243682,16.587309,0101000020E61000007FA5F3E159963040DB4FC6F8309F4840
2833798,1258,14496677,Entire home/apt,,Brno,,Brno,20,5.0,5,2.0,,41.0,,2017-05-14 19:48:08.153348,49.197372,16.593016,0101000020E6100000360186E5CF973040B492567C43994840
6190266,1258,32106202,Entire home/apt,,Brno,,Brno,0,0.0,2,1.0,,38.0,,2017-05-14 19:48:08.150915,49.201756,16.603877,0101000020E61000007DCEDDAE979A3040CAE2FE23D3994840
18532815,1258,117273689,Entire home/apt,,Brno,,Brno,0,0.0,2,0.0,,28.0,,2017-05-14 19:48:08.148555,49.1781,16.595217,0101000020E6100000F3052D246098304074B515FBCB964840
13668012,1258,71433987,Entire home/apt,,Brno,,Brno,13,5.0,2,1.0,,24.0,,2017-05-14 19:48:08.134979,49.210104,16.599491,0101000020E6100000103FFF3D78993040206118B0E49A4840
6875048,1258,27171927,Entire home/apt,,Brno,,Brno,2,0.0,2,1.0,,39.0,,2017-05-14 19:48:08.132275,49.200924,16.598209,0101000020E6100000412C9B3924993040A27DACE0B7994840
13985666,1258,83463130,Entire home/apt,,Brno,,Brno,0,0.0,3,2.0,,16.0,,2017-05-14 19:48:08.128660,49.194976,16.53962,0101000020E61000007C444C89248A3040A0C03BF9F4984840
10953525,1258,56808199,Entire home/apt,,Brno,,Brno,3,5.0,3,1.0,,39.0,,2017-05-14 19:48:05.408773,49.218711,16.580509,0101000020E61000009E08E23C9C9430404223D8B8FE9B4840
17252970,1258,29094382,Entire home/apt,,Brno,,Brno,0,0.0,4,1.0,,32.0,,2017-05-14 19:48:05.402354,49.201516,16.618863,0101000020E610000057B439CE6D9E304074CFBA46CB994840
5612631,1258,29094382,Entire home/apt,,Brno,,Brno,33,4.5,5,2.0,,40.0,,2017-05-14 19:48:05.390822,49.201844,16.622038,0101000020E610000087DEE2E13D9F304069723106D6994840
12193490,1258,29094382,Entire home/apt,,Brno,,Brno,11,4.5,4,1.0,,34.0,,2017-05-14 19:48:05.388193,49.201495,16.62212,0101000020E610000001309E41439F30405DA79196CA994840
17823899,1258,29094382,Entire home/apt,,Brno,,Brno,0,0.0,2,1.0,,36.0,,2017-05-14 19:48:05.383721,49.200851,16.624805,0101000020E610000095607138F39F3040382F4E7CB5994840
15270298,1258,24246056,Entire home/apt,,Brno,,Brno,6,5.0,2,0.0,,31.0,,2017-05-14 19:48:05.380346,49.200878,16.601034,0101000020E6100000B8C83D5DDD993040323ECC5EB6994840
16449644,1258,107898700,Entire home/apt,,Brno,,Brno,5,5.0,4,1.0,,40.0,,2017-05-14 19:48:05.377073,49.211443,16.572264,0101000020E61000009BADBCE47F923040ECFB7090109B4840
1293748,1258,7034433,Entire home/apt,,Brno,,Brno,41,4.0,2,0.0,,39.0,,2017-05-14 19:48:05.368511,49.189729,16.595235,0101000020E61000003F6F2A5261983040280D350A49984840
699815,1258,2802348,Entire home/apt,,Brno,,Brno,121,4.5,12,3.0,,40.0,,2017-05-14 19:48:05.350496,49.195372,16.62376,0101000020E61000008F8D40BCAE9F3040ED461FF301994840
15724354,1258,101585415,Entire home/apt,,Brno,,Brno,1,0.0,4,2.0,,38.0,,2017-05-14 19:48:05.291927,49.221818,16.53023,0101000020E6100000AB5B3D27BD87304002D53F88649C4840
18129786,1258,72510948,Entire home/apt,,Brno,,Brno,0,0.0,2,1.0,,40.0,,2017-05-14 19:48:03.522620,49.179394,16.675175,0101000020E6100000A913D044D8AC3040A08CF161F6964840
1712691,1258,2802348,Entire home/apt,,Brno,,Brno,45,4.5,6,1.0,,21.0,,2017-05-14 19:48:03.483378,49.201053,16.623105,0101000020E61000005DF92CCF839F3040A0E1CD1ABC994840
18441830,1258,52839777,Entire home/apt,,Brno,,Brno,0,0.0,4,2.0,,38.0,,2017-05-14 19:48:03.481286,49.19056,16.535367,0101000020E61000008E5BCCCF0D8930407FF6234564984840
17034836,1258,114303518,Entire home/apt,,Brno,,Brno,4,5.0,2,1.0,,35.0,,2017-05-14 19:48:03.478432,49.210692,16.692466,0101000020E61000008997A77345B13040B1C398F4F79A4840
16214633,1258,105742013,Entire home/apt,,Brno,,Brno,0,0.0,3,2.0,,38.0,,2017-05-14 19:48:03.475396,49.202392,16.611077,0101000020E61000007A56D28A6F9C30406C7C26FBE7994840
11135595,1258,57868273,Entire home/apt,,Brno,,Brno,33,5.0,2,1.0,,34.0,,2017-05-14 19:48:03.469054,49.211718,16.624812,0101000020E6100000FA25E2ADF39F3040BDFC4E93199B4840
6499290,1258,21151214,Entire home/apt,,Brno,,Brno,3,4.5,4,1.0,,23.0,,2017-05-14 19:48:03.466437,49.143983,16.597207,0101000020E610000039F1D58EE29830400917F2086E924840
14711611,1258,91531951,Entire home/apt,,Brno,,Brno,4,4.5,2,1.0,,30.0,,2017-05-14 19:48:03.463544,49.204341,16.635725,0101000020E6100000E63FA4DFBEA23040B01D8CD8279A4840
15336141,1258,97767532,Entire home/apt,,Brno,,Brno,10,5.0,2,1.0,,39.0,,2017-05-14 19:48:03.461050,49.211181,16.57306,0101000020E610000051A5660FB4923040AF44A0FA079B4840
14861724,1258,93085670,Entire home/apt,,Brno,,Brno,28,5.0,2,1.0,,38.0,,2017-05-14 19:48:03.436234,49.191004,16.626126,0101000020E6100000E02C25CB49A03040DDB3AED172984840
12488068,1258,67607178,Entire home/apt,,Brno,,Brno,15,5.0,2,1.0,,39.0,,2017-05-14 19:48:03.384592,49.218517,16.600087,0101000020E610000037C1374D9F9930405D4F745DF89B4840
13937297,1258,51333165,Entire home/apt,,Brno,,Brno,6,4.0,4,1.0,,20.0,,2017-05-14 19:48:03.293198,49.195986,16.644386,0101000020E610000011001C7BF6A43040A73CBA1116994840
11051647,1258,13156627,Entire home/apt,,Brno,,Brno,11,5.0,2,1.0,,40.0,,2017-05-14 19:48:03.288836,49.173247,16.595803,0101000020E6100000D3DB9F8B86983040A8902BF52C964840
17596374,1258,119575111,Entire home/apt,,Brno,,Brno,4,5.0,4,2.0,,34.0,,2017-05-14 19:48:03.285838,49.223041,16.553281,0101000020E6100000887FD8D2A38D30406555849B8C9C4840
652231,1258,3277922,Entire home/apt,,Brno,,Brno,47,4.5,3,0.0,,38.0,,2017-05-14 19:48:03.254253,49.193613,16.615841,0101000020E610000033897AC1A79D30404C8A8F4FC8984840
15709912,1258,24246056,Entire home/apt,,Brno,,Brno,32,4.5,5,0.0,,29.0,,2017-05-14 19:48:01.233384,49.20099,16.602749,0101000020E61000005BB22AC24D9A30405969520ABA994840
14977987,1258,94055674,Entire home/apt,,Brno,,Brno,4,5.0,4,1.0,,32.0,,2017-05-14 19:48:01.230563,49.185769,16.586393,0101000020E6100000749A05DA1D96304029CE5147C7974840
8297053,1258,7034433,Entire home/apt,,Brno,,Brno,44,4.5,2,0.0,,39.0,,2017-05-14 19:48:01.219371,49.188635,16.593786,0101000020E61000009AD2FA5B02983040C3F0113125984840
18730094,1258,130263372,Entire home/apt,,Brno,,Brno,0,0.0,4,1.0,,30.0,,2017-05-14 19:48:01.205580,49.211896,16.631012,0101000020E610000030629F008AA130409D137B681F9B4840
18482258,1258,112946775,Entire home/apt,,Brno,,Brno,1,0.0,5,1.0,,38.0,,2017-05-14 19:48:01.140722,49.190896,16.626697,0101000020E61000005680EF366FA03040F777B6476F984840
14768998,1258,16691282,Entire home/apt,,Brno,,Brno,48,5.0,4,0.0,,34.0,,2017-05-14 19:48:01.134107,49.199292,16.600966,0101000020E6100000080264E8D89930405E2D776682994840
14924591,1258,93818030,Entire home/apt,,Brno,,Brno,18,4.5,4,1.0,,30.0,,2017-05-14 19:48:01.131605,49.203673,16.6238,0101000020E6100000AB3E575BB19F3040030AF5F4119A4840
14399808,1258,88493522,Entire home/apt,,Brno,,Brno,6,5.0,3,1.0,,38.0,,2017-05-14 19:48:01.128892,49.175172,16.552024,0101000020E61000006B9BE271518D304064963D096C964840
9140089,1258,42921937,Entire home/apt,,Brno,,Brno,15,5.0,2,0.0,,31.0,,2017-05-14 19:48:01.124697,49.208838,16.60332,0101000020E6100000D105F52D739A3040BE141E34BB9A4840
5383402,1258,13159004,Entire home/apt,,Brno,,Brno,73,5.0,2,0.0,,31.0,,2017-05-14 19:48:01.121911,49.191538,16.603818,0101000020E610000073BC02D1939A30407BF8325184984840
16452071,1258,107916272,Entire home/apt,,Brno,,Brno,2,0.0,2,1.0,,23.0,,2017-05-14 19:48:01.119172,49.201094,16.62395,0101000020E6100000D656EC2FBB9F3040FEB5BC72BD994840
16720330,1258,110822462,Entire home/apt,,Brno,,Brno,2,0.0,3,2.0,,33.0,,2017-05-14 19:48:01.116346,49.179315,16.641728,0101000020E610000070ED444948A4304054573ECBF3964840
10280057,1258,52870431,Entire home/apt,,Brno,,Brno,12,5.0,4,0.0,,31.0,,2017-05-14 19:48:01.113579,49.200224,16.628355,0101000020E610000030478FDFDBA03040E9EFA5F0A0994840
10680515,1258,114303726,Entire home/apt,,Brno,,Brno,7,4.5,2,1.0,,38.0,,2017-05-14 19:48:01.110937,49.193291,16.565496,0101000020E6100000D1048A58C49030403ACE6DC2BD984840
18167689,1258,39445264,Entire home/apt,,Brno,,Brno,3,5.0,4,1.0,,25.0,,2017-05-14 19:48:01.107665,49.201395,16.627653,0101000020E61000007D3CF4DDADA03040F949B54FC7994840
15177016,1258,96326542,Entire home/apt,,Brno,,Brno,10,5.0,4,1.0,,38.0,,2017-05-14 19:48:01.105005,49.171211,16.572241,0101000020E61000002B6EDC627E92304094DBF63DEA954840
13389987,1258,76144804,Entire home/apt,,Brno,,Brno,4,5.0,2,1.0,,24.0,,2017-05-14 19:48:01.061823,49.191448,16.619638,0101000020E6100000DD5B9198A09E30403B71395E81984840
18653240,1258,129617022,Entire home/apt,,Brno,,Brno,0,0.0,4,4.0,,40.0,,2017-05-14 19:47:59.218637,49.191948,16.598439,0101000020E6100000A4A65D4C339930402C4487C091984840
17722389,1258,29094382,Entire home/apt,,Brno,,Brno,3,4.5,2,1.0,,32.0,,2017-05-14 19:47:59.215264,49.20086,16.623068,0101000020E6100000232F6B62819F30408B89CDC7B5994840
11783237,1258,40189045,Entire home/apt,,Brno,,Brno,25,4.5,2,0.0,,34.0,,2017-05-14 19:47:59.200136,49.201729,16.605261,0101000020E6100000548B8862F29A3040D0D38041D2994840
12983260,1258,71452526,Entire home/apt,,Brno,,Brno,0,0.0,2,0.0,,29.0,,2017-05-14 19:47:59.189573,49.202194,16.601108,0101000020E61000002D5DC136E299304045B9347EE1994840
16474856,1258,90003193,Entire home/apt,,Brno,,Brno,7,5.0,5,2.0,,16.0,,2017-05-14 19:47:59.178077,49.2251,16.586716,0101000020E6100000390A100533963040302AA913D09C4840
17235794,1258,55891062,Entire home/apt,,Brno,,Brno,8,5.0,4,2.0,,40.0,,2017-05-14 19:47:59.157764,49.198462,16.612988,0101000020E610000028D714C8EC9C3040D7BFEB3367994840
14493581,1258,65343331,Entire home/apt,,Brno,,Brno,10,5.0,4,2.0,,34.0,,2017-05-14 19:47:59.154189,49.190593,16.590243,0101000020E610000064B14D2A1A9730405BECF65965984840
18367478,1258,127173147,Entire home/apt,,Brno,,Brno,0,0.0,2,1.0,,26.0,,2017-05-14 19:47:59.130970,49.202728,16.610883,0101000020E6100000B0AE0AD4629C3040E3FDB8FDF2994840
18087208,1258,95392519,Entire home/apt,,Brno,,Brno,0,0.0,2,1.0,,34.0,,2017-05-14 19:47:59.063555,49.21803,16.638327,0101000020E61000005F27F56569A3304000C63368E89B4840
16502509,1258,107898700,Entire home/apt,,Brno,,Brno,3,5.0,4,1.0,,36.0,,2017-05-14 19:47:59.057701,49.213185,16.570997,0101000020E6100000361D01DC2C923040B77F65A5499B4840
13277898,1258,2414990,Entire home/apt,,Brno,,Brno,27,5.0,3,1.0,,33.0,,2017-05-14 19:47:59.054134,49.175594,16.619781,0101000020E6100000A3AEB5F7A99E3040D9AF3BDD79964840
12576024,1258,68199031,Entire home/apt,,Brno,,Brno,29,5.0,2,1.0,,26.0,,2017-05-14 19:47:59.048774,49.207758,16.660258,0101000020E610000020EC14AB06A93040BEBD6BD0979A4840
13369885,1258,75912749,Entire home/apt,,Brno,,Brno,26,5.0,4,1.0,,26.0,,2017-05-14 19:47:59.044256,49.205842,16.62124,0101000020E610000090F7AA95099F30405512D907599A4840
12692404,1258,9820274,Entire home/apt,,Brno,,Brno,34,5.0,2,1.0,,32.0,,2017-05-14 19:47:59.028943,49.21513,16.625284,0101000020E61000004AB6BA9C12A03040BA313D61899B4840
13743765,1258,80445781,Entire home/apt,,Brno,,Brno,59,5.0,2,0.0,,36.0,,2017-05-14 19:47:57.649540,49.208678,16.594768,0101000020E610000013B534B74298304085B2F0F5B59A4840
15427961,1258,98895517,Entire home/apt,,Brno,,Brno,28,4.5,4,2.0,,26.0,,2017-05-14 19:47:57.646548,49.196365,16.612377,0101000020E610000095D233BDC49C30401E8A027D22994840
14570027,1258,83756908,Entire home/apt,,Brno,,Brno,5,5.0,2,1.0,,31.0,,2017-05-14 19:47:57.643060,49.193997,16.623396,0101000020E61000000C7558E1969F3040D542C9E4D4984840
2506132,1258,11233422,Entire home/apt,,Brno,,Brno,183,5.0,2,1.0,,32.0,,2017-05-14 19:47:57.595735,49.191559,16.628719,0101000020E6100000B35F77BAF3A0304092205C0185984840
6177191,1258,32043907,Entire home/apt,,Brno,,Brno,103,5.0,4,1.0,,36.0,,2017-05-14 19:47:57.541001,49.199337,16.609641,0101000020E6100000FD4CBD6E119C3040FEF0F3DF83994840
16168484,1258,31323286,Entire home/apt,,Brno,,Brno,7,4.5,2,0.0,,26.0,,2017-05-14 19:47:57.538786,49.1952,16.609907,0101000020E6100000FA997ADD229C3040F0164850FC984840
4240524,1258,2802348,Entire home/apt,,Brno,,Brno,99,4.5,4,0.0,,20.0,,2017-05-14 19:47:57.524669,49.200985,16.617627,0101000020E6100000682096CD1C9E304048FE60E0B9994840
18007239,1258,34112967,Entire home/apt,,Brno,,Brno,6,5.0,4,1.0,,40.0,,2017-05-14 19:47:57.521735,49.20001,16.602186,0101000020E6100000EB1B98DC289A3040BD6F7CED99994840
17960995,1258,80204617,Entire home/apt,,Brno,,Brno,5,5.0,4,2.0,,34.0,,2017-05-14 19:47:57.470437,49.207052,16.601097,0101000020E610000045B9347EE1993040234910AE809A4840
13014702,1258,71820327,Entire home/apt,,Brno,,Brno,51,5.0,3,0.0,,26.0,,2017-05-14 19:47:57.415272,49.201242,16.616521,0101000020E6100000164CFC51D49D3040734A404CC2994840
13013584,1258,71809122,Entire home/apt,,Brno,,Brno,50,4.5,2,0.0,,20.0,,2017-05-14 19:47:57.361486,49.211007,16.625465,0101000020E6100000EACA67791EA03040111D0247029B4840
14770213,1258,24246056,Entire home/apt,,Brno,,Brno,38,5.0,2,0.0,,31.0,,2017-05-14 19:47:57.320057,49.199972,16.60129,0101000020E61000006E693524EE993040D00EB8AE98994840
13034995,1258,35407775,Entire home/apt,,Brno,,Brno,23,5.0,2,1.0,,23.0,,2017-05-14 19:47:57.305223,49.211822,16.603553,0101000020E610000017670C73829A30406249B9FB1C9B4840
13517652,1258,16691282,Entire home/apt,,Brno,,Brno,52,5.0,2,0.0,,30.0,,2017-05-14 19:47:57.280473,49.198877,16.601523,0101000020E6100000B4CA4C69FD9930409B7631CD74994840
16047563,1258,101209476,Entire home/apt,,Brno,,Brno,10,5.0,2,1.0,,34.0,,2017-05-14 19:47:57.261116,49.203169,16.595313,0101000020E610000037E2C96E66983040D0471971019A4840
15631252,1258,92603572,Entire home/apt,,Brno,,Brno,29,5.0,2,1.0,,32.0,,2017-05-14 19:47:57.257641,49.20044,16.595684,0101000020E61000001EC022BF7E983040B6679604A8994840
16737784,1258,93085670,Entire home/apt,,Brno,,Brno,7,5.0,2,1.0,,28.0,,2017-05-14 19:47:57.216337,49.19116,16.626022,0101000020E6100000969350FA42A03040D5264EEE77984840
18141730,1258,42221303,Entire home/apt,,Brno,,Brno,7,4.5,2,1.0,,25.0,,2017-05-14 19:47:57.213614,49.192834,16.618983,0101000020E6100000ACC77DAB759E304047C7D5C8AE984840
1741827,1258,3616342,Private room,,Brno,,Brno,3,4.5,2,1.0,,46.0,,2017-05-14 19:47:27.804113,49.207158,16.612999,0101000020E61000000F7BA180ED9C3040698D4127849A4840
3601612,1258,18146293,Private room,,Brno,,Brno,13,5.0,2,1.0,,42.0,,2017-05-14 19:47:27.705097,49.200351,16.592701,0101000020E6100000774EB340BB973040465C001AA5994840
720933,1258,3722091,Private room,,Brno,,Brno,3,3.5,2,1.0,,47.0,,2017-05-14 19:47:25.519488,49.205366,16.627774,0101000020E61000007347FFCBB5A03040ECDADE6E499A4840
1161461,1258,4351643,Private room,,Brno,,Brno,1,0.0,2,1.0,,48.0,,2017-05-14 19:47:25.154425,49.19511,16.591551,0101000020E610000085EAE6E26F973040B08F4E5DF9984840
1617126,1258,6476206,Private room,,Brno,,Brno,9,4.5,2,1.0,,27.0,,2017-05-14 19:47:23.183862,49.170868,16.683834,0101000020E610000093E4B9BE0FAF30406AF7AB00DF954840
8604577,1258,7034433,Private room,,Brno,,Brno,2,0.0,2,1.0,,29.0,,2017-05-14 19:47:23.169922,49.188741,16.593958,0101000020E61000009432A9A10D983040093543AA28984840
13510548,1258,77543717,Private room,,Brno,,Brno,0,0.0,2,1.0,,34.0,,2017-05-14 19:47:22.179531,49.236046,16.627395,0101000020E610000086AC6EF59CA03040022D5DC1369E4840
7813806,1258,2922476,Private room,,Brno,,Brno,3,3.5,2,1.0,,30.0,,2017-05-14 19:47:21.996333,49.164517,16.562629,0101000020E6100000FCC742740890304069519FE40E954840
18369326,1258,6391054,Private room,,Brno,,Brno,0,0.0,2,1.0,,22.0,,2017-05-14 19:47:21.972513,49.193088,16.622691,0101000020E6100000778368AD689F304002A08A1BB7984840
5559958,1258,28515058,Private room,,Brno,,Brno,12,5.0,2,1.0,,38.0,,2017-05-14 19:47:21.919605,49.188743,16.597877,0101000020E6100000D50792770E993040AA2C0ABB28984840
7833018,1258,2922476,Private room,,Brno,,Brno,1,0.0,2,1.0,,30.0,,2017-05-14 19:47:20.942753,49.164684,16.561034,0101000020E6100000AEF199EC9F8F30405516855D14954840
11902734,1258,16765152,Private room,,Brno,,Brno,18,4.5,2,1.0,,33.0,,2017-05-14 19:47:20.939980,49.20669,16.599086,0101000020E6100000D07D39B35D993040833463D1749A4840
12881666,1258,70484059,Private room,,Brno,,Brno,11,4.0,3,1.0,,26.0,,2017-05-14 19:47:19.098853,49.196284,16.595638,0101000020E61000003E4162BB7B983040315D88D51F994840
11711982,1258,16662183,Private room,,Brno,,Brno,26,5.0,3,1.0,,40.0,,2017-05-14 19:47:17.210659,49.196373,16.607104,0101000020E61000005245F12A6B9B3040A1681EC022994840
12144513,1258,44985860,Private room,,Brno,,Brno,5,5.0,2,1.0,,19.0,,2017-05-14 19:47:17.194415,49.181222,16.596723,0101000020E610000061C5A9D6C298304069A8514832974840
10486988,1258,33514827,Private room,,Brno,,Brno,11,5.0,2,1.0,,24.0,,2017-05-14 19:47:17.137530,49.200047,16.626234,0101000020E6100000ADA415DF50A03040DA54DD239B994840
15563741,1258,47976038,Private room,,Brno,,Brno,20,5.0,2,1.0,,31.0,,2017-05-14 19:47:17.104752,49.204606,16.616606,0101000020E610000073840CE4D99D30405E488787309A4840
13611321,1258,78782738,Private room,,Brno,,Brno,5,5.0,2,1.0,,14.0,,2017-05-14 19:47:15.016917,49.201888,16.577822,0101000020E6100000C9E88024EC93304038BA4A77D7994840
17471055,1258,8302513,Private room,,Brno,,Brno,3,5.0,2,1.0,,25.0,,2017-05-14 19:47:15.014524,49.191469,16.656035,0101000020E61000000708E6E8F1A730405299620E82984840
15010459,1258,59358781,Private room,,Brno,,Brno,29,5.0,2,1.0,,26.0,,2017-05-14 19:47:13.681848,49.200879,16.616485,0101000020E61000007D7901F6D19D304002BA2F67B6994840
13544766,1258,77932862,Private room,,Brno,,Brno,46,4.5,3,1.0,,30.0,,2017-05-14 19:47:13.675027,49.191696,16.603344,0101000020E6100000E23C9CC0749A30401363997E89984840
17228993,1258,48556805,Private room,,Brno,,Brno,16,5.0,4,1.0,,26.0,,2017-05-14 19:47:13.660971,49.221966,16.578566,0101000020E6100000D993C0E61C9430407769C361699C4840
14563390,1258,20939806,Private room,,Brno,,Brno,25,5.0,2,1.0,,24.0,,2017-05-14 19:47:13.629152,49.198493,16.601695,0101000020E6100000AE2AFBAE089A304012BEF73768994840
8586985,1258,45192357,Private room,,Brno,,Brno,50,5.0,2,1.0,,27.0,,2017-05-14 19:47:13.624735,49.18092,16.593965,0101000020E6100000F9F719170E9830409E98F56228974840
12219997,1258,65732523,Private room,,Brno,,Brno,9,5.0,2,1.0,,22.0,,2017-05-14 19:47:13.622346,49.233021,16.591142,0101000020E6100000C34A051555973040FF23D3A1D39D4840
3647961,1258,17063552,Private room,,Brno,,Brno,205,4.5,2,1.0,,25.0,,2017-05-14 19:47:13.565088,49.193511,16.609607,0101000020E6100000A56950340F9C30404835ECF7C4984840
7316636,1258,11549602,Private room,,Brno,,Brno,67,4.5,3,1.0,,23.0,,2017-05-14 19:47:13.562022,49.199261,16.602055,0101000020E6100000AE64C746209A3040232F6B6281994840
18074128,1258,124438653,Private room,,Brno,,Brno,0,0.0,2,1.0,,504.0,,2017-05-14 19:47:12.587009,49.226888,16.613145,0101000020E6100000B7B41A12F79C30406CED7DAA0A9D4840
7591613,1258,23770807,Private room,,Brno,,Brno,0,0.0,2,1.0,,148.0,,2017-05-14 19:47:08.484675,49.207671,16.60548,0101000020E6100000D061BEBC009B3040EFA99CF6949A4840
11235715,1258,45378710,Private room,,Brno,,Brno,0,0.0,2,1.0,,127.0,,2017-05-14 19:47:07.158050,49.232693,16.592403,0101000020E6100000630D17B9A79730400A815CE2C89D4840
3378254,1258,17042470,Private room,,Brno,,Brno,0,0.0,4,1.0,,89.0,,2017-05-14 19:47:05.622846,49.204907,16.593423,0101000020E6100000B8B1D991EA97304059DC7F643A9A4840
12079723,1258,8082029,Private room,,Brno,,Brno,1,0.0,4,1.0,,88.0,,2017-05-14 19:47:05.620053,49.195592,16.608423,0101000020E61000005B22179CC19B3040FBAD9D2809994840
3378085,1258,17042470,Private room,,Brno,,Brno,1,0.0,4,1.0,,94.0,,2017-05-14 19:47:05.615575,49.205749,16.594166,0101000020E6100000286552431B983040A417B5FB559A4840
14861121,1258,93079914,Private room,,Brno,,Brno,0,0.0,3,1.0,,91.0,,2017-05-14 19:47:05.612555,49.205253,16.557843,0101000020E6100000724D81CCCE8E3040F433F5BA459A4840
16039300,1258,71781469,Private room,,Brno,,Brno,1,0.0,8,1.0,,84.0,,2017-05-14 19:47:05.601539,49.192998,16.609943,0101000020E6100000946C7539259C3040C2189128B4984840
2859172,1258,14315358,Private room,,Brno,,Brno,0,0.0,2,1.0,,82.0,,2017-05-14 19:47:04.894186,49.204965,16.61273,0101000020E610000030478FDFDB9C30408EE9094B3C9A4840
6524980,1258,33891785,Private room,,Brno,,Brno,1,0.0,4,1.0,,77.0,,2017-05-14 19:47:04.891374,49.182607,16.563032,0101000020E6100000FA997ADD22903040A5828AAA5F974840
17276392,1258,116369412,Private room,,Brno,,Brno,1,0.0,1,0.0,,80.0,,2017-05-14 19:47:04.886483,49.189767,16.618761,0101000020E61000004E0AF31E679E3040166EF9484A984840
7491026,1258,38890708,Private room,,Brno,,Brno,0,0.0,2,1.0,,66.0,,2017-05-14 19:47:04.883513,49.202404,16.605873,0101000020E61000008787307E1A9B3040304AD05FE8994840
11781654,1258,62734338,Private room,,Brno,,Brno,4,5.0,1,1.0,,64.0,,2017-05-14 19:47:04.869227,49.210749,16.584432,0101000020E610000062BCE6559D9530401555BFD2F99A4840
7379054,1258,38655874,Private room,,Brno,,Brno,0,0.0,3,1.0,,60.0,,2017-05-14 19:47:02.872294,49.203403,16.596354,0101000020E6100000BBD6DEA7AA9830404374081C099A4840
2902739,1258,4504049,Private room,,Brno,,Brno,3,4.0,2,1.0,,53.0,,2017-05-14 19:47:02.852840,49.19609,16.607731,0101000020E6100000F0C34142949B30404C89247A19994840
1741301,1258,3616342,Private room,,Brno,,Brno,0,0.0,2,1.0,,41.0,,2017-05-14 19:47:02.825695,49.207151,16.613542,0101000020E6100000F1B8A816119D3040B72A89EC839A4840
3378426,1258,17042470,Private room,,Brno,,Brno,1,0.0,2,1.0,,50.0,,2017-05-14 19:47:02.787904,49.205936,16.594177,0101000020E61000000F09DFFB1B983040D788601C5C9A4840
8383099,1258,38655874,Private room,,Brno,,Brno,0,0.0,2,1.0,,46.0,,2017-05-14 19:47:02.760155,49.203462,16.595818,0101000020E61000003E5E48878798304048FDF50A0B9A4840
860023,1258,4504049,Private room,,Brno,,Brno,11,4.5,4,1.0,,59.0,,2017-05-14 19:46:59.975951,49.196225,16.608077,0101000020E610000026732CEFAA9B30402CD49AE61D994840
1520007,1258,3088243,Private room,,Brno,,Brno,4,4.5,4,1.0,,56.0,,2017-05-14 19:46:59.973536,49.200728,16.532064,0101000020E61000000261A758358830401CB28174B1994840
2798772,1258,14315358,Private room,,Brno,,Brno,3,5.0,2,1.0,,55.0,,2017-05-14 19:46:59.970957,49.200716,16.617123,0101000020E6100000029CDEC5FB9D304058E4D70FB1994840
18437715,1258,104751010,Private room,,Brno,,Brno,0,0.0,6,1.0,,60.0,,2017-05-14 19:46:59.968883,49.193735,16.605459,0101000020E6100000A1116C5CFF9A3040978BF84ECC984840
14497263,1258,87682168,Private room,,Brno,,Brno,0,0.0,2,1.0,,58.0,,2017-05-14 19:46:59.957852,49.201711,16.639009,0101000020E610000084D9041896A330402A1F82AAD1994840
829710,1258,3946283,Private room,,Brno,,Brno,13,5.0,2,1.0,,46.0,,2017-05-14 19:46:59.955299,49.192789,16.609863,0101000020E61000005B0A48FB1F9C3040A703594FAD984840
3636333,1258,13337018,Private room,,Brno,,Brno,31,5.0,2,1.0,,42.0,,2017-05-14 19:46:59.952789,49.194157,16.611247,0101000020E610000032C7F2AE7A9C30400DA5F622DA984840
2902973,1258,4504049,Private room,,Brno,,Brno,1,0.0,2,1.0,,43.0,,2017-05-14 19:46:59.941134,49.196495,16.60981,0101000020E610000015C616821C9C3040EC6987BF26994840
16893010,1258,107448397,Private room,,Brno,,Brno,0,0.0,2,1.0,,42.0,,2017-05-14 19:46:59.939065,49.19815,16.581668,0101000020E61000003621AD31E8943040E8D9ACFA5C994840
11154935,1258,33891785,Private room,,Brno,,Brno,0,0.0,2,1.0,,50.0,,2017-05-14 19:46:59.936654,49.183156,16.563149,0101000020E61000006DC669882A9030407808E3A771974840
9399473,1258,48748552,Private room,,Brno,,Brno,1,0.0,2,1.0,,42.0,,2017-05-14 19:46:59.934106,49.212429,16.584808,0101000020E61000006D7022FAB59530406ADC9BDF309B4840
16062450,1258,71781469,Private room,,Brno,,Brno,3,4.5,4,1.0,,50.0,,2017-05-14 19:46:59.931726,49.194681,16.610195,0101000020E6100000C72E51BD359C30408813984EEB984840
14291130,1258,50143483,Private room,,Brno,,Brno,0,0.0,2,1.0,,44.0,,2017-05-14 19:46:59.929706,49.194795,16.564822,0101000020E6100000B20FB22C989030405036E50AEF984840
17901445,1258,122655968,Private room,,Brno,,Brno,1,0.0,2,1.0,,45.0,,2017-05-14 19:46:59.927247,49.222187,16.586298,0101000020E6100000D0B52FA017963040554CA59F709C4840
18248690,1258,80280306,Private room,,Brno,,Brno,0,0.0,2,1.0,,48.0,,2017-05-14 19:46:59.925335,49.202727,16.605494,0101000020E61000009AEC9FA7019B3040138255F5F2994840
18419027,1258,54307699,Private room,,Brno,,Brno,0,0.0,4,2.0,,46.0,,2017-05-14 19:46:59.923106,49.138796,16.602185,0101000020E61000004A24D1CB289A304066683C11C4914840
13373994,1258,10848860,Private room,,Brno,,Brno,17,5.0,4,1.0,,50.0,,2017-05-14 19:46:59.876009,49.205438,16.615306,0101000020E61000005708ABB1849D304086ADD9CA4B9A4840
1183861,1258,6476206,Private room,,Brno,,Brno,21,5.0,2,1.0,,27.0,,2017-05-14 19:46:57.969847,49.172992,16.685079,0101000020E6100000282D5C5661AF30401D3C139A24964840
9642647,1258,49763177,Private room,,Brno,,Brno,1,0.0,2,1.0,,25.0,,2017-05-14 19:46:57.955252,49.213338,16.684887,0101000020E61000009F7422C154AF30403D7FDAA84E9B4840
5928285,1258,11815074,Private room,,Brno,,Brno,0,0.0,2,1.0,,26.0,,2017-05-14 19:46:57.912325,49.17246,16.684445,0101000020E610000025E99AC937AF304020EF552B13964840
12460717,1258,51077194,Private room,,Brno,,Brno,0,0.0,1,1.0,,11.0,,2017-05-14 19:46:57.069226,49.204976,16.620859,0101000020E6100000616D8C9DF09E3040823B50A73C9A4840
6360398,1258,14851142,Private room,,Brno,,Brno,0,0.0,3,1.0,,16.0,,2017-05-14 19:46:57.065726,49.180635,16.563709,0101000020E6100000FB75A73B4F903040A9C1340C1F974840
7062824,1258,37031258,Private room,,Brno,,Brno,0,0.0,2,1.0,,34.0,,2017-05-14 19:46:57.010164,49.210679,16.710901,0101000020E610000096B1A19BFDB530401C7A8B87F79A4840
14040907,1258,83844500,Private room,,Brno,,Brno,2,0.0,1,1.0,,26.0,,2017-05-14 19:46:56.961093,49.230656,16.586748,0101000020E610000050FEEE1D359630402750C422869D4840
6585901,1258,34449659,Private room,,Brno,,Brno,0,0.0,2,1.0,,28.0,,2017-05-14 19:46:56.902795,49.174982,16.624122,0101000020E6100000D0B69A75C69F3040C0B167CF65964840
7327087,1258,14851142,Private room,,Brno,,Brno,2,0.0,3,1.0,,16.0,,2017-05-14 19:46:56.838079,49.180814,16.561836,0101000020E610000028B7ED7BD48F30405854C4E924974840
10531523,1258,54307699,Private room,,Brno,,Brno,3,4.5,2,1.0,,37.0,,2017-05-14 19:46:56.825451,49.139444,16.602099,0101000020E61000004DF4F928239A3040CCCF0D4DD9914840
13211343,1258,59678173,Private room,,Brno,,Brno,4,4.5,2,1.0,,28.0,,2017-05-14 19:46:56.815145,49.207709,16.60591,0101000020E6100000C251F2EA1C9B3040DD0A6135969A4840
5936415,1258,23770807,Private room,,Brno,,Brno,7,4.5,5,1.0,,35.0,,2017-05-14 19:46:56.812431,49.207794,16.605466,0101000020E610000006D7DCD1FF9A30400B2769FE989A4840
8383231,1258,38655874,Private room,,Brno,,Brno,0,0.0,1,1.0,,34.0,,2017-05-14 19:46:56.809143,49.203613,16.595211,0101000020E61000002E3883BF5F9830402D05A4FD0F9A4840
5391286,1258,14851142,Private room,,Brno,,Brno,7,4.5,1,1.0,,16.0,,2017-05-14 19:46:56.796924,49.182611,16.561652,0101000020E6100000A5BBEB6CC88F3040E77118CC5F974840
7719662,1258,31873258,Private room,,Brno,,Brno,0,0.0,2,1.0,,20.0,,2017-05-14 19:46:56.773866,49.18867,16.586353,0101000020E610000057E9EE3A1B96304040DEAB5626984840
9370100,1258,23770807,Private room,,Brno,,Brno,2,0.0,2,1.0,,30.0,,2017-05-14 19:46:56.718483,49.209569,16.605204,0101000020E61000008C683BA6EE9A3040B2A03028D39A4840
7725918,1258,31873258,Private room,,Brno,,Brno,2,0.0,3,1.0,,20.0,,2017-05-14 19:46:55.353862,49.188026,16.588241,0101000020E6100000952A51F6969630401B66683C11984840
6485333,1258,33891785,Private room,,Brno,,Brno,1,0.0,2,1.0,,31.0,,2017-05-14 19:46:55.314366,49.184121,16.5628,0101000020E610000055302AA913903040DFC0E44691974840
15798962,1258,44260343,Private room,,Brno,,Brno,6,5.0,6,1.0,,12.0,,2017-05-14 19:46:55.311528,49.200512,16.613726,0101000020E610000074B4AA251D9D3040503A9160AA994840
14287604,1258,42691604,Private room,,Brno,,Brno,0,0.0,3,1.0,,33.0,,2017-05-14 19:46:55.204613,49.207211,16.478051,0101000020E6100000F2D1E28C617A30408C2FDAE3859A4840
14241039,1258,42691604,Private room,,Brno,,Brno,1,0.0,2,1.0,,33.0,,2017-05-14 19:46:55.144404,49.205515,16.47941,0101000020E610000018601F9DBA7A304031EBC5504E9A4840
8746934,1258,24752488,Private room,,Brno,,Brno,12,4.5,4,1.0,,32.0,,2017-05-14 19:46:55.132399,49.203694,16.606188,0101000020E6100000473A03232F9B30401A321EA5129A4840
1247977,1258,6800527,Private room,,Brno,,Brno,1,0.0,3,1.0,,20.0,,2017-05-14 19:46:55.112356,49.221568,16.543664,0101000020E610000036035C902D8B304089EB18575C9C4840
10980009,1258,34115236,Private room,,Brno,,Brno,1,0.0,2,1.0,,28.0,,2017-05-14 19:46:55.063220,49.203682,16.623873,0101000020E61000007FDB1324B69F304056647440129A4840
14306173,1258,42691604,Private room,,Brno,,Brno,0,0.0,3,1.0,,33.0,,2017-05-14 19:46:55.010414,49.207147,16.477838,0101000020E61000003AC95697537A3040753BFBCA839A4840
14932482,1258,127799265,Private room,,Brno,,Brno,1,0.0,3,0.0,,24.0,,2017-05-14 19:46:54.954682,49.200883,16.605964,0101000020E6100000A88DEA74209B304043A9BD88B6994840
13270930,1258,70634222,Private room,,Brno,,Brno,0,0.0,2,1.0,,23.0,,2017-05-14 19:46:54.935785,49.203544,16.596088,0101000020E6100000BE8921399998304005A6D3BA0D9A4840
12398575,1258,31846956,Private room,,Brno,,Brno,34,5.0,4,1.0,,34.0,,2017-05-14 19:46:54.918835,49.197632,16.611896,0101000020E6100000A08D5C37A59C3040505260014C994840
16601361,1258,86452560,Private room,,Brno,,Brno,1,0.0,4,1.0,,29.0,,2017-05-14 19:46:54.865522,49.192075,16.60791,0101000020E61000004FE960FD9F9B30408AB0E1E995984840
1741968,1258,3616342,Private room,,Brno,,Brno,8,4.5,3,1.0,,41.0,,2017-05-14 19:46:53.333085,49.208832,16.613885,0101000020E610000045813E91279D3040DC2DC901BB9A4840
7465440,1258,14851142,Private room,,Brno,,Brno,7,4.5,1,1.0,,16.0,,2017-05-14 19:46:53.317623,49.181109,16.563489,0101000020E6100000DFA7AAD040903040710168942E974840
11062870,1258,44985860,Private room,,Brno,,Brno,13,5.0,2,1.0,,16.0,,2017-05-14 19:46:53.281424,49.181088,16.598726,0101000020E6100000D0436D1B469930405AD93EE42D974840
606685,1258,2972917,Private room,,Brno,,Brno,1,0.0,2,1.0,,25.0,,2017-05-14 19:46:53.278061,49.207059,16.640822,0101000020E6100000AC8E1CE90CA43040D6ABC8E8809A4840
18483826,1258,53088482,Private room,,Brno,,Brno,0,0.0,2,1.0,,26.0,,2017-05-14 19:46:53.239524,49.200119,16.697886,0101000020E610000015562AA8A8B230407427D87F9D994840
704190,1258,3616342,Private room,,Brno,,Brno,3,4.5,1,1.0,,28.0,,2017-05-14 19:46:53.219538,49.206861,16.613813,0101000020E610000012DC48D9229D3040B0E8D66B7A9A4840
15661139,1258,6083876,Private room,,Brno,,Brno,1,0.0,2,1.0,,13.0,,2017-05-14 19:46:53.216467,49.186366,16.639731,0101000020E6100000C53C2B69C5A330400D8B51D7DA974840
2802441,1258,11549602,Private room,,Brno,,Brno,18,4.5,5,1.0,,32.0,,2017-05-14 19:46:53.143313,49.198899,16.602081,0101000020E6100000008BFCFA219A3040821ABE8575994840
14311654,1258,87477690,Private room,,Brno,,Brno,4,5.0,2,1.0,,19.0,,2017-05-14 19:46:53.121494,49.200216,16.602993,0101000020E610000089B7CEBF5D9A304066118AADA0994840
1742056,1258,3616342,Private room,,Brno,,Brno,7,4.5,1,1.0,,28.0,,2017-05-14 19:46:53.078600,49.208636,16.613399,0101000020E61000002C6684B7079D304056629E95B49A4840
10889839,1258,55828348,Private room,,Brno,,Brno,9,5.0,2,1.0,,32.0,,2017-05-14 19:46:53.062598,49.207406,16.613328,0101000020E610000099B85510039D3040417FA1478C9A4840
9768835,1258,18395020,Private room,,Brno,,Brno,0,0.0,2,1.0,,27.0,,2017-05-14 19:46:53.039537,49.193185,16.607951,0101000020E61000000C923EADA29B3040F4893C49BA984840
9062775,1258,38691204,Private room,,Brno,,Brno,0,0.0,2,1.0,,26.0,,2017-05-14 19:46:52.919041,49.213002,16.625883,0101000020E6100000541F48DE39A03040C6FD47A6439B4840
11336150,1258,21209177,Private room,,Brno,,Brno,3,4.5,2,1.0,,26.0,,2017-05-14 19:46:51.330214,49.197666,16.594888,0101000020E610000069C878944A983040FCC3961E4D994840
18520226,1258,24246056,Private room,,Brno,,Brno,0,0.0,2,1.0,,28.0,,2017-05-14 19:46:51.277201,49.195058,16.607068,0101000020E6100000B972F6CE689B30405E6919A9F7984840
18520797,1258,24246056,Private room,,Brno,,Brno,0,0.0,2,1.0,,28.0,,2017-05-14 19:46:51.274243,49.19485,16.606963,0101000020E6100000CEE15AED619B304014D044D8F0984840
18521025,1258,24246056,Private room,,Brno,,Brno,0,0.0,2,1.0,,28.0,,2017-05-14 19:46:51.251458,49.194532,16.605235,0101000020E6100000026553AEF09A30404303B16CE6984840
18270035,1258,54480153,Private room,,Brno,,Brno,1,0.0,1,1.0,,22.0,,2017-05-14 19:46:51.204165,49.204332,16.61342,0101000020E61000005BB6D617099D30405DC30C8D279A4840
1075372,1258,5916522,Private room,,Brno,,Brno,4,4.5,2,1.0,,30.0,,2017-05-14 19:46:51.170199,49.190406,16.618206,0101000020E6100000E43098BF429E3040297B4B395F984840
7862793,1258,31846956,Private room,,Brno,,Brno,53,4.5,3,1.0,,26.0,,2017-05-14 19:46:51.148479,49.19583,16.612881,0101000020E6100000FC56EBC4E59C3040B0C91AF510994840
2261739,1258,11549602,Private room,,Brno,,Brno,59,4.5,5,1.0,,20.0,,2017-05-14 19:46:51.127923,49.198955,16.602189,0101000020E6100000CD02ED0E299A30401630815B77994840
18521180,1258,24246056,Private room,,Brno,,Brno,0,0.0,4,1.0,,28.0,,2017-05-14 19:46:51.115795,49.194452,16.605738,0101000020E6100000C7F143A5119B304026529ACDE3984840
18252385,1258,54480153,Private room,,Brno,,Brno,1,0.0,2,1.0,,19.0,,2017-05-14 19:46:51.101428,49.204817,16.613134,0101000020E6100000CF108E59F69C304019558671379A4840
5327234,1258,4987062,Private room,,Brno,,Brno,24,5.0,2,1.0,,27.0,,2017-05-14 19:46:51.085805,49.199584,16.616505,0101000020E61000000BD28C45D39D30400667F0F78B994840
14260597,1258,86791464,Private room,,Brno,,Brno,9,4.0,2,1.0,,22.0,,2017-05-14 19:46:51.073279,49.21939,16.518709,0101000020E61000001024EF1CCA843040E388B5F8149C4840
16248846,1258,106239071,Private room,,Brno,,Brno,0,0.0,1,1.0,,14.0,,2017-05-14 19:46:51.048647,49.174071,16.685059,0101000020E610000099D4D00660AF30404C1762F547964840
14497004,1258,6391054,Private room,,Brno,,Brno,0,0.0,3,1.0,,16.0,,2017-05-14 19:46:49.659668,49.194253,16.623102,0101000020E61000007B12D89C839F304030134548DD984840
6077038,1258,31543789,Private room,,Brno,,Brno,12,4.5,3,1.0,,20.0,,2017-05-14 19:46:49.641197,49.208111,16.598415,0101000020E6100000936FB6B9319930400C789961A39A4840
17024865,1258,108471943,Private room,,Brno,,Brno,1,0.0,2,1.0,,20.0,,2017-05-14 19:46:49.630458,49.195414,16.641536,0101000020E6100000E7340BB43BA430401C97715303994840
16501457,1258,108358011,Private room,,Brno,,Brno,1,0.0,2,1.0,,31.0,,2017-05-14 19:46:49.628327,49.20833,16.66084,0101000020E61000007EE36BCF2CA930404963B48EAA9A4840
11976342,1258,3358066,Private room,,Brno,,Brno,1,0.0,2,1.0,,22.0,,2017-05-14 19:46:49.613567,49.192848,16.648227,0101000020E61000005A626534F2A53040AC8C463EAF984840
4313555,1258,19092484,Private room,,Brno,,Brno,9,4.5,2,1.0,,12.0,,2017-05-14 19:46:49.610809,49.166638,16.581657,0101000020E61000004E7D2079E7943040AB22DC6454954840
13559738,1258,24411979,Private room,,Brno,,Brno,1,0.0,3,1.0,,22.0,,2017-05-14 19:46:49.586188,49.204703,16.595062,0101000020E6100000A417B5FB55983040513239B5339A4840
7833716,1258,2922476,Private room,,Brno,,Brno,0,0.0,2,1.0,,30.0,,2017-05-14 19:46:49.525042,49.163799,16.562747,0101000020E610000010ECF82F109030400A0F9A5DF7944840
18731082,1258,36327375,Private room,,Brno,,Brno,0,0.0,3,1.0,,13.0,,2017-05-14 19:46:49.515485,49.210826,16.552167,0101000020E610000031EE06D15A8D3040C092AB58FC9A4840
14622046,1258,90760650,Private room,,Brno,,Brno,10,5.0,4,2.0,,20.0,,2017-05-14 19:46:49.512305,49.245784,16.574744,0101000020E61000007D923B6C22933040A6F0A0D9759F4840
18089293,1258,124577035,Private room,,Brno,,Brno,1,0.0,2,1.0,,16.0,,2017-05-14 19:46:49.509627,49.175073,16.520541,0101000020E6100000263ACB2C42853040D0B4C4CA68964840
8604845,1258,7034433,Private room,,Brno,,Brno,0,0.0,1,1.0,,28.0,,2017-05-14 19:46:49.507443,49.190683,16.59503,0101000020E61000008E23D6E2539830409B73F04C68984840
16346164,1258,35467127,Private room,,Brno,,Brno,0,0.0,4,1.0,,20.0,,2017-05-14 19:46:49.504226,49.204224,16.593302,0101000020E6100000C2A6CEA3E297304077871403249A4840
16185083,1258,105684745,Private room,,Brno,,Brno,5,5.0,2,1.0,,16.0,,2017-05-14 19:46:49.498998,49.181087,16.593609,0101000020E61000007C9C69C2F6973040895DDBDB2D974840
6549416,1258,31846956,Private room,,Brno,,Brno,104,5.0,2,1.0,,30.0,,2017-05-14 19:46:49.496114,49.19731,16.611466,0101000020E6100000AE9D2809899C30403E963E7441994840
17915104,1258,88706665,Private room,,Brno,,Brno,0,0.0,2,1.0,,16.0,,2017-05-14 19:46:49.492550,49.201029,16.644839,0101000020E6100000732F302B14A5304017467A51BB994840
18561131,1258,31284326,Private room,,Brno,,Brno,0,0.0,2,1.0,,26.0,,2017-05-14 19:46:49.442156,49.188462,16.595731,0101000020E6100000A036AAD381983040F644D7851F984840
14227404,1258,86474096,Private room,,Brno,,Brno,5,4.0,2,1.0,,16.0,,2017-05-14 19:46:47.198715,49.179372,16.554581,0101000020E6100000A4FB3905F98D3040B8E864A9F5964840
13679947,1258,79634575,Private room,,Brno,,Brno,1,0.0,2,1.0,,21.0,,2017-05-14 19:46:47.184641,49.201574,16.594172,0101000020E6100000EC32FCA71B983040A9DC442DCD994840
14228987,1258,16662183,Private room,,Brno,,Brno,24,5.0,5,1.0,,24.0,,2017-05-14 19:46:47.182262,49.194739,16.605872,0101000020E6100000E78F696D1A9B3040BC202235ED984840
13196702,1258,8721841,Private room,,Brno,,Brno,9,5.0,2,1.0,,22.0,,2017-05-14 19:46:47.178427,49.197354,16.597924,0101000020E6100000567E198C119930400DDE57E542994840
16128290,1258,32437659,Private room,,Brno,,Brno,1,0.0,1,1.0,,11.0,,2017-05-14 19:46:47.099389,49.210987,16.595213,0101000020E6100000702711E15F983040CA703C9F019B4840
16252864,1258,53555412,Private room,,Brno,,Brno,6,5.0,2,1.0,,18.0,,2017-05-14 19:46:47.076848,49.224388,16.593511,0101000020E6100000F6D03E56F0973040B3CEF8BEB89C4840
17478097,1258,118393114,Private room,,Brno,,Brno,0,0.0,2,2.0,,12.0,,2017-05-14 19:46:47.045419,49.217206,16.506167,0101000020E61000007F501729948130405B3FFD67CD9B4840
2447323,1258,11549602,Private room,,Brno,,Brno,187,5.0,3,1.0,,20.0,,2017-05-14 19:46:46.987201,49.198712,16.601974,0101000020E6100000D40AD3F71A9A304050A912656F994840
16623072,1258,54307699,Private room,,Brno,,Brno,1,0.0,2,1.0,,16.0,,2017-05-14 19:46:46.936535,49.137878,16.601481,0101000020E6100000562AA8A8FA993040406B7EFCA5914840
17442109,1258,54480153,Private room,,Brno,,Brno,1,0.0,2,1.0,,22.0,,2017-05-14 19:46:46.824248,49.203667,16.611876,0101000020E61000001135D1E7A39C30402123A0C2119A4840
18631000,1258,129437122,Private room,,Brno,,Brno,0,0.0,2,1.0,,15.0,,2017-05-14 19:46:46.769845,49.195749,16.606104,0101000020E61000008BF9B9A1299B3040C39CA04D0E994840
16506466,1258,100769508,Private room,,Brno,,Brno,2,0.0,4,0.0,,10.0,,2017-05-14 19:46:46.767172,49.244274,16.578285,0101000020E610000072C45A7C0A943040ADA1D45E449F4840
12118359,1258,16691282,Private room,,Brno,,Brno,58,5.0,2,1.0,,24.0,,2017-05-14 19:46:46.714970,49.194844,16.605172,0101000020E610000075745C8DEC9A304032E9EFA5F0984840
9896282,1258,24246056,Private room,,Brno,,Brno,44,5.0,2,1.0,,27.0,,2017-05-14 19:46:46.604621,49.195771,16.605757,0101000020E6100000B55208E4129B3040AB402D060F994840
17835829,1258,121988876,Private room,,Brno,,Brno,5,5.0,2,1.0,,22.0,,2017-05-14 19:46:44.961305,49.207521,16.611677,0101000020E610000024B726DD969C3040DA1D520C909A4840
14163837,1258,62363449,Private room,,Brno,,Brno,8,4.5,4,1.0,,12.0,,2017-05-14 19:46:44.913850,49.196138,16.609262,0101000020E610000010B22C98F89B30405DC0CB0C1B994840
8839614,1258,9227364,Private room,,Brno,,Brno,26,5.0,2,1.0,,22.0,,2017-05-14 19:46:44.890761,49.20383,16.618248,0101000020E610000042D13C80459E3040CBF8F719179A4840
18599188,1258,9042424,Private room,,Brno,,Brno,0,0.0,2,1.0,,24.0,,2017-05-14 19:46:44.888213,49.216317,16.568146,0101000020E61000006C5A290472913040CF488446B09B4840
13131998,1258,36277660,Private room,,Brno,,Brno,27,5.0,2,1.0,,24.0,,2017-05-14 19:46:44.872570,49.182329,16.585536,0101000020E610000073A1F2AFE5953040630E828E56974840
9457883,1258,5916522,Private room,,Brno,,Brno,8,5.0,1,1.0,,22.0,,2017-05-14 19:46:44.848377,49.190948,16.619539,0101000020E6100000B7989F1B9A9E3040499EEBFB70984840
16506572,1258,29845125,Private room,,Brno,,Brno,9,4.5,2,1.0,,12.0,,2017-05-14 19:46:44.834448,49.236423,16.525924,0101000020E6100000772E8CF4A2863040D882DE1B439E4840
18365144,1258,47868427,Private room,,Brno,,Brno,5,4.5,2,1.0,,20.0,,2017-05-14 19:46:44.814478,49.186084,16.590971,0101000020E610000069E21DE0499730408927BB99D1974840
13106193,1258,72843651,Private room,,Brno,,Brno,24,4.5,3,1.0,,21.0,,2017-05-14 19:46:44.794858,49.203711,16.595801,0101000020E610000092EC116A86983040F06AB933139A4840
17552134,1258,119104654,Private room,,Brno,,Brno,0,0.0,6,3.0,,22.0,,2017-05-14 19:46:44.778471,49.206017,16.599681,0101000020E61000005708ABB184993040C4B5DAC35E9A4840
768296,1258,4053078,Private room,,Brno,,Brno,31,5.0,2,1.0,,21.0,,2017-05-14 19:46:44.747702,49.180903,16.560597,0101000020E6100000583CF548838F3040C85F5AD427974840
17049384,1258,114449409,Private room,,Brno,,Brno,11,5.0,2,1.0,,20.0,,2017-05-14 19:46:44.691084,49.200969,16.599545,0101000020E6100000F67AF7C77B9930404241295AB9994840
17622528,1258,54101100,Private room,,Brno,,Brno,2,0.0,2,1.0,,24.0,,2017-05-14 19:46:43.899274,49.242396,16.607706,0101000020E61000003E95D39E929B3040325706D5069F4840
11257313,1258,46020234,Private room,,Brno,,Brno,17,5.0,2,1.0,,23.0,,2017-05-14 19:46:43.893284,49.216182,16.569921,0101000020E6100000BA4DB857E6913040F0FD0DDAAB9B4840
16506606,1258,108471943,Private room,,Brno,,Brno,10,5.0,2,1.0,,21.0,,2017-05-14 19:46:43.890414,49.194075,16.642253,0101000020E610000005C24EB16AA4304050FC1873D7984840
5476429,1258,24246056,Private room,,Brno,,Brno,151,4.5,4,1.0,,24.0,,2017-05-14 19:46:43.884421,49.196285,16.606632,0101000020E610000003B5183C4C9B304002D9EBDD1F994840
16565290,1258,31774235,Private room,,Brno,,Brno,10,4.0,3,1.0,,30.0,,2017-05-14 19:46:43.874172,49.187208,16.595148,0101000020E6100000A1478C9E5B98304058C6866EF6974840
16196749,1258,105684745,Private room,,Brno,,Brno,1,0.0,3,1.0,,16.0,,2017-05-14 19:46:43.871596,49.182606,16.594196,0101000020E6100000FD69A33A1D983040D50627A25F974840
16718694,1258,110806505,Private room,,Brno,,Brno,0,0.0,2,1.0,,19.0,,2017-05-14 19:46:43.868992,49.200612,16.580365,0101000020E610000038BEF6CC92943040B3976DA7AD994840
14232083,1258,16662183,Private room,,Brno,,Brno,20,5.0,5,1.0,,24.0,,2017-05-14 19:46:43.866776,49.196714,16.605024,0101000020E61000008C4B55DAE29A30402A55A2EC2D994840
13872536,1258,54435706,Private room,,Brno,,Brno,12,4.5,2,1.0,,14.0,,2017-05-14 19:46:43.860095,49.212661,16.585194,0101000020E6100000C0D02346CF9530403C11C479389B4840
15998747,1258,100944117,Private room,,Brno,,Brno,28,4.5,2,1.0,,25.0,,2017-05-14 19:46:43.844321,49.199591,16.600323,0101000020E61000005F09A4C4AE993040B8C9A8328C994840
17782334,1258,5668654,Private room,,Brno,,Brno,6,5.0,2,1.0,,22.0,,2017-05-14 19:46:43.820754,49.199935,16.603144,0101000020E610000054C72AA5679A3040B329577897994840
14225970,1258,86456410,Private room,,Brno,,Brno,13,5.0,6,2.0,,18.0,,2017-05-14 19:46:43.801995,49.199239,16.578137,0101000020E6100000899B53C9009430403B8BDEA980994840
11477340,1258,16691282,Private room,,Brno,,Brno,100,4.5,3,1.0,,28.0,,2017-05-14 19:46:43.778348,49.196297,16.60512,0101000020E6100000D027F224E99A3040C6A6954220994840
16536077,1258,72644318,Private room,,Brno,,Brno,13,5.0,2,1.0,,22.0,,2017-05-14 19:46:43.774558,49.206843,16.627914,0101000020E610000057B3CEF8BEA030400934D8D4799A4840
15754882,1258,62524892,Private room,,Brno,,Brno,48,5.0,2,1.0,,34.0,,2017-05-14 19:46:43.729997,49.188735,16.622236,0101000020E6100000D464C6DB4A9F3040274EEE7728984840
12220098,1258,65732523,Private room,,Brno,,Brno,24,5.0,2,1.0,,10.0,,2017-05-14 19:46:43.685442,49.233062,16.592921,0101000020E6100000931CB0ABC99730405DF8C1F9D49D4840
15936400,1258,75371288,Private room,,Brno,,Brno,25,5.0,2,1.0,,25.0,,2017-05-14 19:46:43.650649,49.193665,16.609908,0101000020E61000009B9141EE229C30409FB0C403CA984840
17337219,1258,101196325,Private room,,Brno,,Brno,18,5.0,3,1.0,,21.0,,2017-05-14 19:46:41.938533,49.206545,16.598955,0101000020E610000093C6681D559930407F130A11709A4840
